,Unnamed: 0,ref_img,other_img,result,expected_result,cos_dist_np,cos_dist_sfe,total_time,sfe_time,extraction_time,Command being timed,User time (seconds),System time (seconds),Percent of CPU this job got,Elapsed (wall clock) time (h:mm:ss or m:ss),Average shared text size (kbytes),Average unshared data size (kbytes),Average stack size (kbytes),Average total size (kbytes),Maximum resident set size (kbytes),Average resident set size (kbytes),Major (requiring I/O) page faults,Minor (reclaiming a frame) page faults,Voluntary context switches,Involuntary context switches,Swaps,File system inputs,File system outputs,Socket messages sent,Socket messages received,Signals delivered,Page size (bytes),Exit status,energy_used,online_time.bool.local_gates,online_time.bool.interactive_gates,online_time.bool.layer_finish,online_time.yao.local_gates,online_time.yao.interactive_gates,online_time.yao.layer_finish,online_time.yao_rev.local_gates,online_time.yao_rev.interactive_gates,online_time.yao_rev.layer_finish,online_time.arith.local_gates,online_time.arith.interactive_gates,online_time.arith.layer_finish,online_time.splut.local_gates,online_time.splut.interactive_gates,online_time.splut.layer_finish,online_time.communication,complexities.boolean_sharing.ands,complexities.boolean_sharing.depth,complexities.total_vec_and,complexities.total_non_vec_and,complexities.xor_vals,complexities.gates,complexities.comb_gates,complexities.combstruct_gates,complexities.perm_gates,complexities.subset_gates,complexities.split_gates,complexities.yao.ands,complexities.yao.depth,complexities.reverse_yao.ands,complexities.reverse_yao.depth,complexities.arithmetic_sharing.muls,complexities.arithmetic_sharing.depth,complexities.sp_lut_sharing.ot_gates_total,complexities.sp_lut_sharing.depth,complexities.total_nr_of_gates,complexities.total_depth,timings.total,timings.init,timings.circuitgen,timings.network,timings.baseots,timings.setup,timings.otextension,timings.garbling,timings.online,communication.total.sent,communication.total.received,communication.base_ots.sent,communication.base_ots.received,communication.setup.sent,communication.setup.received,communication.otextension.sent,communication.otextension.received,communication.garbling.sent,communication.garbling.received,communication.online.sent,communication.online.received,cos_dist_ver,cos_dist_sfe.1
0,0,lfw/Ahmet_Necdet_Sezer/Ahmet_Necdet_Sezer_0001.jpg,lfw/Ahmet_Necdet_Sezer/Ahmet_Necdet_Sezer_0002.jpg,True,True,0.4069041609764099,0.4069042802,69.98495841026306,64.40431332588196,5.580645084381104,"""/home/kamil/pffrocd/ABY/build/bin/cos_dist_float_scen_simd_32 -r 0 -a 192.168.5.112 -f /home/kamil/pffrocd/ABY/build/bin/embeddings.txt -o /home/kamil/pffrocd -s 112 -x 0""",3.29,1.82,7%,1:03.99,0,0,0,0,168828,0,0,66948,61140,425,0,752,0,0,0,0,4096,0,0,166.869,195.35,195.519,6.934,5.283,5.166,6.081,4.687,5.703,7.212,5.771,13.848,7.342,4.657,47.581,40800.4130000001,1878982,8080,1878982,1878982,1740116,596354,0,0,0,12288,0,0,0,0,0,0,0,0,1,1339400,8080,62479.491,0.112,0.124,634.724,186.415,20974.941,20973.149,0.002,41504.547,27761639,27761118,29211,29220,27211922,27211913,27211904,27211913,0,0,549717,549205,0.4069042802,0.4069042802
1,1,lfw/Ahmet_Necdet_Sezer/Ahmet_Necdet_Sezer_0001.jpg,lfw/Ajit_Agarkar/Ajit_Agarkar_0001.jpg,False,False,0.9674073867499828,0.9674074054,61.18850874900818,59.24319052696228,1.9453182220458984,"""/home/kamil/pffrocd/ABY/build/bin/cos_dist_float_scen_simd_32 -r 0 -a 192.168.5.112 -f /home/kamil/pffrocd/ABY/build/bin/embeddings.txt -o /home/kamil/pffrocd -s 112 -x 0""",3.13,1.95,8%,0:58.82,0,0,0,0,168864,0,0,66943,61936,959,0,0,0,0,0,0,4096,0,0,165.582,194.57,193.093,6.757,5.03,5.483,6.01,4.676,5.106,8.275,5.929,12.977,6.93,4.581,47.686,40966.6730000002,1878982,8080,1878982,1878982,1740116,596354,0,0,0,12288,0,0,0,0,0,0,0,0,1,1339400,8080,57749.141,0.108,0.122,221.381,180.75,16088.33,16086.584,0.001,41660.809,27761639,27761118,29211,29219,27211922,27211913,27211904,27211913,0,0,549717,549205,0.9674074054,0.9674074054
2,0,lfw/Ai_Sugiyama/Ai_Sugiyama_0001.jpg,lfw/Ai_Sugiyama/Ai_Sugiyama_0002.jpg,True,True,0.4856290221214294,0.4856290817,60.623862981796265,58.68915009498596,1.9347128868103027,"""/home/kamil/pffrocd/ABY/build/bin/cos_dist_float_scen_simd_32 -r 0 -a 192.168.5.112 -f /home/kamil/pffrocd/ABY/build/bin/embeddings.txt -o /home/kamil/pffrocd -s 112 -x 0""",3.13,1.98,8%,0:58.17,0,0,0,0,168800,0,0,66942,61268,337,0,0,0,0,0,0,4096,0,0,166.622,195.319,200.634,6.671,5.114,4.897,7.704,4.817,5.46,7.723,6.291,14.476,7.652,4.608,46.78,40445.5839999999,1878982,8080,1878982,1878982,1740116,596354,0,0,0,12288,0,0,0,0,0,0,0,0,1,1339400,8080,57305.651,0.105,0.127,66.683,140.808,16153.08,16151.186,0.002,41152.57,27761630,27761118,29220,29220,27211913,27211913,27211904,27211913,0,0,549717,549205,0.4856290817,0.4856290817
3,1,lfw/Ai_Sugiyama/Ai_Sugiyama_0001.jpg,lfw/Ai_Sugiyama/Ai_Sugiyama_0003.jpg,True,True,0.4750053882598877,0.4750053287,61.68339395523071,59.762040853500366,1.921353101730347,"""/home/kamil/pffrocd/ABY/build/bin/cos_dist_float_scen_simd_32 -r 0 -a 192.168.5.112 -f /home/kamil/pffrocd/ABY/build/bin/embeddings.txt -o /home/kamil/pffrocd -s 112 -x 0""",3.1,2.06,8%,0:59.41,0,0,0,0,168972,0,0,66945,61688,943,0,0,0,0,0,0,4096,0,0,164.47,196.551,192.109,7.243,4.828,4.96,6.139,4.461,4.903,7.53,5.592,12.385,7.128,4.64,47.256,42107.9690000001,1878982,8080,1878982,1878982,1740116,596354,0,0,0,12288,0,0,0,0,0,0,0,0,1,1339400,8080,58431.082,0.107,0.133,172.219,134.335,15619.256,15617.664,0.002,42811.823,27761630,27761118,29220,29220,27211913,27211913,27211904,27211913,0,0,549717,549205,0.4750053287,0.4750053287
4,2,lfw/Ai_Sugiyama/Ai_Sugiyama_0001.jpg,lfw/Ai_Sugiyama/Ai_Sugiyama_0004.jpg,False,True,0.6170364916324615,0.6170364618,65.73353552818298,63.821125507354736,1.912410020828247,"""/home/kamil/pffrocd/ABY/build/bin/cos_dist_float_scen_simd_32 -r 0 -a 192.168.5.112 -f /home/kamil/pffrocd/ABY/build/bin/embeddings.txt -o /home/kamil/pffrocd -s 112 -x 0""",3.03,2.09,8%,1:03.43,0,0,0,0,168632,0,0,66942,61257,399,0,0,0,0,0,0,4096,0,0,165.664,192.489,193.272,7.103,5.331,4.973,6.277,4.7,5.841,7.748,7.377,13.813,7.15,4.795,47.04,44792.542,1878982,8080,1878982,1878982,1740116,596354,0,0,0,12288,0,0,0,0,0,0,0,0,1,1339400,8080,62346.85,0.105,0.131,218.221,189.284,16858.923,16857.138,0.001,45487.925,27761630,27761118,29220,29220,27211913,27211913,27211904,27211913,0,0,549717,549205,0.6170364618,0.6170364618
5,3,lfw/Ai_Sugiyama/Ai_Sugiyama_0001.jpg,lfw/Ai_Sugiyama/Ai_Sugiyama_0005.jpg,True,True,0.5916659235954285,0.5916659832,65.32508325576782,63.40430927276611,1.920773983001709,"""/home/kamil/pffrocd/ABY/build/bin/cos_dist_float_scen_simd_32 -r 0 -a 192.168.5.112 -f /home/kamil/pffrocd/ABY/build/bin/embeddings.txt -o /home/kamil/pffrocd -s 112 -x 0""",3.14,2.03,8%,1:03.05,0,0,0,0,168624,0,0,66940,61607,612,0,0,0,0,0,0,4096,0,0,166.696,193.683,194.835,7.231,5.069,5.509,5.83,4.501,4.894,8.075,5.766,13.554,7.448,4.821,47.789,43876.554,1878982,8080,1878982,1878982,1740116,596354,0,0,0,12288,0,0,0,0,0,0,0,0,1,1339400,8080,61862.019,0.103,0.128,369.764,159.247,17288.193,17285.634,0.002,44573.824,27761630,27761118,29220,29220,27211913,27211913,27211904,27211913,0,0,549717,549205,0.5916659832,0.5916659832
6,4,lfw/Ai_Sugiyama/Ai_Sugiyama_0001.jpg,lfw/Mickey_Gilley/Mickey_Gilley_0001.jpg,False,False,0.8371899276971817,0.8371899128,64.36740922927856,62.43734908103943,1.930060148239136,"""/home/kamil/pffrocd/ABY/build/bin/cos_dist_float_scen_simd_32 -r 0 -a 192.168.5.112 -f /home/kamil/pffrocd/ABY/build/bin/embeddings.txt -o /home/kamil/pffrocd -s 112 -x 0""",3.23,1.96,8%,1:01.97,0,0,0,0,168628,0,0,66943,61503,707,0,0,0,0,0,0,4096,0,0,164.928,196.932,193.673,7.134,5.03,5.412,5.766,4.596,4.883,7.569,5.907,12.548,6.722,4.666,47.893,43382.7690000001,1878982,8080,1878982,1878982,1740116,596354,0,0,0,12288,0,0,0,0,0,0,0,0,1,1339400,8080,61075.956,0.108,0.12,98.728,118.992,16986.12,16984.365,0.002,44089.834,27761630,27761118,29220,29211,27211913,27211913,27211913,27211913,0,0,549717,549205,0.8371899128,0.8371899128
7,5,lfw/Ai_Sugiyama/Ai_Sugiyama_0001.jpg,lfw/Brad_Gushue/Brad_Gushue_0001.jpg,False,False,0.9212129265069962,0.9212129712,62.67000961303711,60.74262928962708,1.9273803234100344,"""/home/kamil/pffrocd/ABY/build/bin/cos_dist_float_scen_simd_32 -r 0 -a 192.168.5.112 -f /home/kamil/pffrocd/ABY/build/bin/embeddings.txt -o /home/kamil/pffrocd -s 112 -x 0""",3.26,1.92,8%,1:00.35,0,0,0,0,168624,0,0,66942,61381,461,0,0,0,0,0,0,4096,0,0,167.464,194.849,194.959,7.406,5.214,5.418,6.208,5.002,5.291,7.275,6.1,13.215,6.62,4.891,48.376,42511.4590000001,1878982,8080,1878982,1878982,1740116,596354,0,0,0,12288,0,0,0,0,0,0,0,0,1,1339400,8080,59280.599,0.11,0.129,269.318,141.011,16069.283,16067.619,0.001,43211.314,27761630,27761118,29220,29220,27211913,27211913,27211913,27211913,0,0,549717,549205,0.9212129712,0.9212129712
8,6,lfw/Ai_Sugiyama/Ai_Sugiyama_0001.jpg,lfw/Ali_Bin_Hussein/Ali_Bin_Hussein_0001.jpg,False,False,1.0150537127628922,1.0150537491,61.9604218006134,60.0337016582489,1.926720142364502,"""/home/kamil/pffrocd/ABY/build/bin/cos_dist_float_scen_simd_32 -r 0 -a 192.168.5.112 -f /home/kamil/pffrocd/ABY/build/bin/embeddings.txt -o /home/kamil/pffrocd -s 112 -x 0""",3.13,2.07,8%,0:59.60,0,0,0,0,168840,0,0,66946,61766,437,0,0,0,0,0,0,4096,0,0,168.257,197.378,196.99,6.975,5.286,5.314,6.374,6.081,5.204,7.631,6.451,14.366,7.484,5.06,48.938,41813.1660000002,1878982,8080,1878982,1878982,1740116,596354,0,0,0,12288,0,0,0,0,0,0,0,0,1,1339400,8080,58495.773,0.11,0.123,254.611,176.771,15972.163,15970.112,0.002,42523.606,27761630,27761118,29220,29220,27211913,27211913,27211904,27211913,0,0,549717,549205,1.0150537491,1.0150537491
9,7,lfw/Ai_Sugiyama/Ai_Sugiyama_0001.jpg,lfw/Rebekah_Chantay_Revels/Rebekah_Chantay_Revels_0003.jpg,False,False,0.9572538807988168,0.9572538733,62.08616542816162,60.17025852203369,1.9159069061279297,"""/home/kamil/pffrocd/ABY/build/bin/cos_dist_float_scen_simd_32 -r 0 -a 192.168.5.112 -f /home/kamil/pffrocd/ABY/build/bin/embeddings.txt -o /home/kamil/pffrocd -s 112 -x 0""",3.28,2.02,8%,0:59.69,0,0,0,0,168788,0,0,66945,61244,938,0,0,0,0,0,0,4096,0,0,171.211,198.722,199.826,7.458,5.334,5.777,6.414,4.781,5.064,7.862,6.403,14.013,7.63,5.083,48.262,41203.3350000002,1878982,8080,1878982,1878982,1740116,596354,0,0,0,12288,0,0,0,0,0,0,0,0,1,1339400,8080,58701.521,0.109,0.121,119.299,190.762,16772.206,16770.435,0.002,41929.312,27761639,27761118,29211,29211,27211922,27211913,27211904,27211913,0,0,549717,549205,0.9572538733,0.9572538733
10,0,lfw/Aicha_El_Ouafi/Aicha_El_Ouafi_0001.jpg,lfw/Aicha_El_Ouafi/Aicha_El_Ouafi_0002.jpg,True,True,0.3585660457611084,0.3585658669,62.73541975021362,60.80864477157593,1.9267749786376955,"""/home/kamil/pffrocd/ABY/build/bin/cos_dist_float_scen_simd_32 -r 0 -a 192.168.5.112 -f /home/kamil/pffrocd/ABY/build/bin/embeddings.txt -o /home/kamil/pffrocd -s 112 -x 0""",3.28,1.99,8%,1:00.40,0,0,0,0,168620,0,0,66938,61240,1122,0,0,0,0,0,0,4096,0,0,167.988,198.089,197.9,7.495,5.049,6.062,6.117,4.684,5.116,8.033,6.166,13.411,7.406,5.023,47.86,42142.7849999999,1878982,8080,1878982,1878982,1740116,596354,0,0,0,12288,0,0,0,0,0,0,0,0,1,1339400,8080,59299.968,0.118,0.111,290.574,129.59,16449.007,16447.214,0.002,42850.959,27761639,27761118,29211,29220,27211922,27211913,27211904,27211913,0,0,549717,549205,0.3585658669,0.3585658669
11,1,lfw/Aicha_El_Ouafi/Aicha_El_Ouafi_0001.jpg,lfw/Aicha_El_Ouafi/Aicha_El_Ouafi_0003.jpg,True,True,0.3939681053161621,0.3939681053,64.12553477287292,62.19610786437988,1.929426908493042,"""/home/kamil/pffrocd/ABY/build/bin/cos_dist_float_scen_simd_32 -r 0 -a 192.168.5.112 -f /home/kamil/pffrocd/ABY/build/bin/embeddings.txt -o /home/kamil/pffrocd -s 112 -x 0""",3.07,2.14,8%,1:01.76,0,0,0,0,168748,0,0,66946,61851,390,0,0,0,0,0,0,4096,0,0,170.169,198.919,202.27,6.937,5.467,5.396,6.359,4.759,4.968,7.648,5.896,13.117,8.135,4.863,50.396,43063.8049999999,1878982,8080,1878982,1878982,1740116,596354,0,0,0,12288,0,0,0,0,0,0,0,0,1,1339400,8080,60637.398,0.1,0.118,311.871,136.342,16856.21,16854.639,0.001,43781.187,27761630,27761118,29220,29211,27211913,27211913,27211913,27211913,0,0,549717,549205,0.3939681053,0.3939681053
12,2,lfw/Aicha_El_Ouafi/Aicha_El_Ouafi_0001.jpg,lfw/Andrew_Cuomo/Andrew_Cuomo_0002.jpg,False,False,0.8502348959445953,0.8502348661,63.78286457061768,61.86392617225647,1.918938398361206,"""/home/kamil/pffrocd/ABY/build/bin/cos_dist_float_scen_simd_32 -r 0 -a 192.168.5.112 -f /home/kamil/pffrocd/ABY/build/bin/embeddings.txt -o /home/kamil/pffrocd -s 112 -x 0""",3.19,1.99,8%,1:01.50,0,0,0,0,168804,0,0,66944,61315,1010,0,0,0,0,0,0,4096,0,0,167.756,196.027,197.561,7.168,5.109,4.88,5.983,4.557,5.585,7.815,6.0,13.114,7.581,4.863,47.764,42871.9150000002,1878982,8080,1878982,1878982,1740116,596354,0,0,0,12288,0,0,0,0,0,0,0,0,1,1339400,8080,60427.154,0.103,0.116,265.537,141.898,16838.841,16836.824,0.001,43588.311,27761630,27761118,29220,29211,27211913,27211913,27211904,27211913,0,0,549717,549205,0.8502348661,0.8502348661
13,3,lfw/Aicha_El_Ouafi/Aicha_El_Ouafi_0001.jpg,lfw/Jenna_Elfman/Jenna_Elfman_0001.jpg,False,False,1.0201801043003798,1.0201801062,61.234419107437134,59.30491209030152,1.92950701713562,"""/home/kamil/pffrocd/ABY/build/bin/cos_dist_float_scen_simd_32 -r 0 -a 192.168.5.112 -f /home/kamil/pffrocd/ABY/build/bin/embeddings.txt -o /home/kamil/pffrocd -s 112 -x 0""",3.14,2.04,8%,0:58.87,0,0,0,0,168628,0,1,66943,61130,658,0,0,0,0,0,0,4096,0,0,171.659,205.61,198.64,7.505,5.445,5.294,6.651,4.661,5.238,7.868,6.138,13.656,6.989,4.909,48.037,40782.6890000002,1878982,8080,1878982,1878982,1740116,596354,0,0,0,12288,0,0,0,0,0,0,0,0,1,1339400,8080,57841.152,0.1,0.138,245.954,112.999,16334.005,16332.419,0.002,41507.145,27761630,27761118,29220,29220,27211913,27211913,27211904,27211913,0,0,549717,549205,1.0201801062,1.0201801062
14,0,lfw/Aitor_Gonzalez/Aitor_Gonzalez_0001.jpg,lfw/Aitor_Gonzalez/Aitor_Gonzalez_0002.jpg,True,True,0.4174290895462036,0.4174289703,61.756391286849976,59.83638596534729,1.920005321502685,"""/home/kamil/pffrocd/ABY/build/bin/cos_dist_float_scen_simd_32 -r 0 -a 192.168.5.112 -f /home/kamil/pffrocd/ABY/build/bin/embeddings.txt -o /home/kamil/pffrocd -s 112 -x 0""",3.27,1.94,8%,0:59.46,0,0,0,0,168804,0,0,66941,61227,660,0,0,0,0,0,0,4096,0,0,169.72,199.646,197.169,7.02,4.974,5.29,6.362,4.706,5.198,7.602,5.826,13.993,6.882,4.722,49.803,40969.0660000001,1878982,8080,1878982,1878982,1740116,596354,0,0,0,12288,0,0,0,0,0,0,0,0,1,1339400,8080,58365.756,0.104,0.14,260.786,157.372,16685.928,16684.105,0.002,41679.827,27761639,27761118,29211,29220,27211922,27211913,27211904,27211913,0,0,549717,549205,0.4174289703,0.4174289703
15,1,lfw/Aitor_Gonzalez/Aitor_Gonzalez_0001.jpg,lfw/Jake_Brace/Jake_Brace_0001.jpg,False,False,0.8531210124492645,0.8531209826,61.75503921508789,59.83234357833862,1.922695636749268,"""/home/kamil/pffrocd/ABY/build/bin/cos_dist_float_scen_simd_32 -r 0 -a 192.168.5.112 -f /home/kamil/pffrocd/ABY/build/bin/embeddings.txt -o /home/kamil/pffrocd -s 112 -x 0""",3.45,1.82,8%,0:59.49,0,0,0,0,168628,0,1,66940,61588,388,0,0,0,0,0,0,4096,0,0,167.71,197.284,195.92,6.796,5.174,5.14,5.766,4.626,5.316,7.367,5.816,12.506,6.263,4.615,46.474,41093.4109999998,1878982,8080,1878982,1878982,1740116,596354,0,0,0,12288,0,0,0,0,0,0,0,0,1,1339400,8080,58245.522,0.107,0.128,379.127,195.544,16438.134,16435.559,0.002,41807.385,27761630,27761118,29220,29220,27211913,27211913,27211904,27211913,0,0,549717,549205,0.8531209826,0.8531209826
16,0,lfw/Akbar_Hashemi_Rafsanjani/Akbar_Hashemi_Rafsanjani_0001.jpg,lfw/Akbar_Hashemi_Rafsanjani/Akbar_Hashemi_Rafsanjani_0002.jpg,True,True,0.5645232200622559,0.5645231009,60.76160073280335,58.84714436531067,1.914456367492676,"""/home/kamil/pffrocd/ABY/build/bin/cos_dist_float_scen_simd_32 -r 0 -a 192.168.5.112 -f /home/kamil/pffrocd/ABY/build/bin/embeddings.txt -o /home/kamil/pffrocd -s 112 -x 0""",3.28,2.03,9%,0:58.43,0,0,0,0,168728,0,0,66943,61249,447,0,0,0,0,0,0,4096,0,0,168.46,199.534,199.844,6.828,5.193,5.267,6.378,4.539,5.521,7.594,6.032,13.111,6.93,4.957,48.008,40089.494,1878982,8080,1878982,1878982,1740116,596354,0,0,0,12288,0,0,0,0,0,0,0,0,1,1339400,8080,57424.274,0.11,0.127,160.191,173.26,16625.45,16623.447,0.001,40798.823,27761630,27761118,29220,29220,27211913,27211913,27211913,27211913,0,0,549717,549205,0.5645231009,0.5645231009
17,1,lfw/Akbar_Hashemi_Rafsanjani/Akbar_Hashemi_Rafsanjani_0001.jpg,lfw/Akbar_Hashemi_Rafsanjani/Akbar_Hashemi_Rafsanjani_0003.jpg,False,True,0.7963259071111679,0.7963258028,61.75615119934082,59.82869815826416,1.92745304107666,"""/home/kamil/pffrocd/ABY/build/bin/cos_dist_float_scen_simd_32 -r 0 -a 192.168.5.112 -f /home/kamil/pffrocd/ABY/build/bin/embeddings.txt -o /home/kamil/pffrocd -s 112 -x 0""",3.17,2.05,8%,0:59.47,0,0,0,0,168844,0,0,66947,61421,327,0,0,0,0,0,0,4096,0,0,170.015,200.827,202.909,7.199,5.334,4.989,6.199,4.628,5.114,7.892,5.826,13.404,6.718,4.84,47.77,41592.2200000001,1878982,8080,1878982,1878982,1740116,596354,0,0,0,12288,0,0,0,0,0,0,0,0,1,1339400,8080,58415.583,0.103,0.135,254.601,126.902,16098.911,16097.31,0.002,42316.67,27761639,27761118,29211,29211,27211922,27211913,27211913,27211913,0,0,549717,549205,0.7963258028,0.7963258028
18,2,lfw/Akbar_Hashemi_Rafsanjani/Akbar_Hashemi_Rafsanjani_0001.jpg,lfw/Daniell_Sunjata/Daniell_Sunjata_0001.jpg,False,False,0.7135396301746368,0.71353966,59.51433491706848,57.5847008228302,1.9296340942382808,"""/home/kamil/pffrocd/ABY/build/bin/cos_dist_float_scen_simd_32 -r 0 -a 192.168.5.112 -f /home/kamil/pffrocd/ABY/build/bin/embeddings.txt -o /home/kamil/pffrocd -s 112 -x 0""",3.2,2.08,9%,0:57.18,0,0,0,0,168828,0,0,66941,61342,400,0,0,0,0,0,0,4096,0,0,173.524,211.965,204.455,7.447,5.441,5.551,6.325,4.521,5.797,8.136,6.122,13.881,7.132,4.952,49.062,39312.1849999999,1878982,8080,1878982,1878982,1740116,596354,0,0,0,12288,0,0,0,0,0,0,0,0,1,1339400,8080,56115.851,0.112,0.149,264.248,122.676,16053.213,16051.292,0.002,40062.634,27761630,27761118,29220,29220,27211913,27211913,27211913,27211913,0,0,549717,549205,0.71353966,0.71353966
19,3,lfw/Akbar_Hashemi_Rafsanjani/Akbar_Hashemi_Rafsanjani_0001.jpg,lfw/Jacqueline_Marris/Jacqueline_Marris_0001.jpg,False,False,1.0346312783658504,1.0346312523,61.330408811569214,59.41327381134033,1.9171350002288816,"""/home/kamil/pffrocd/ABY/build/bin/cos_dist_float_scen_simd_32 -r 0 -a 192.168.5.112 -f /home/kamil/pffrocd/ABY/build/bin/embeddings.txt -o /home/kamil/pffrocd -s 112 -x 0""",3.15,2.06,8%,0:59.05,0,0,0,0,168964,0,0,66949,61284,835,0,0,0,0,0,0,4096,0,0,170.087,202.852,201.098,7.136,5.19,5.398,6.061,5.13,4.789,7.46,5.911,14.622,6.87,4.922,47.579,41516.2290000002,1878982,8080,1878982,1878982,1740116,596354,0,0,0,12288,0,0,0,0,0,0,0,0,1,1339400,8080,57951.994,0.104,0.135,284.948,135.923,15710.784,15709.246,0.002,42241.208,27761630,27761118,29220,29220,27211913,27211913,27211913,27211913,0,0,549717,549205,1.0346312523,1.0346312523
20,0,lfw/Akhmed_Zakayev/Akhmed_Zakayev_0001.jpg,lfw/Akhmed_Zakayev/Akhmed_Zakayev_0002.jpg,True,True,0.2804857492446899,0.2804858685,60.14349174499512,58.214252948760986,1.9292387962341309,"""/home/kamil/pffrocd/ABY/build/bin/cos_dist_float_scen_simd_32 -r 0 -a 192.168.5.112 -f /home/kamil/pffrocd/ABY/build/bin/embeddings.txt -o /home/kamil/pffrocd -s 112 -x 0""",3.29,2.03,9%,0:57.75,0,0,0,0,168836,0,0,66947,61313,383,0,0,0,0,0,0,4096,0,0,169.889,200.955,203.325,7.048,5.075,5.324,6.352,4.609,4.943,7.476,6.011,13.367,6.895,4.851,49.644,39898.456,1878982,8080,1878982,1878982,1740116,596354,0,0,0,12288,0,0,0,0,0,0,0,0,1,1339400,8080,56767.159,0.108,0.141,164.393,162.718,16134.588,16132.902,0.001,40632.569,27761630,27761118,29220,29211,27211913,27211913,27211904,27211913,0,0,549717,549205,0.2804858685,0.2804858685
21,1,lfw/Akhmed_Zakayev/Akhmed_Zakayev_0001.jpg,lfw/Akhmed_Zakayev/Akhmed_Zakayev_0003.jpg,True,True,0.1713001728057861,0.1713000536,63.01282858848572,61.08838415145874,1.924444437026977,"""/home/kamil/pffrocd/ABY/build/bin/cos_dist_float_scen_simd_32 -r 0 -a 192.168.5.112 -f /home/kamil/pffrocd/ABY/build/bin/embeddings.txt -o /home/kamil/pffrocd -s 112 -x 0""",3.08,2.07,8%,1:00.72,0,0,0,0,168968,0,0,66949,61256,361,0,0,0,0,0,0,4096,0,0,167.454,196.298,199.158,7.704,5.268,5.001,6.466,4.72,5.055,7.437,5.84,13.489,7.115,5.151,47.126,42902.9609999999,1878982,8080,1878982,1878982,1740116,596354,0,0,0,12288,0,0,0,0,0,0,0,0,1,1339400,8080,59660.069,0.097,0.127,207.09,193.414,16052.522,16050.752,0.002,43607.543,27761639,27761118,29211,29220,27211922,27211913,27211913,27211913,0,0,549717,549205,0.1713000536,0.1713000536
22,2,lfw/Akhmed_Zakayev/Akhmed_Zakayev_0001.jpg,lfw/Asif_Hanif/Asif_Hanif_0001.jpg,False,False,0.7689874023199081,0.7689874172,66.45348691940308,64.53918409347534,1.9143028259277344,"""/home/kamil/pffrocd/ABY/build/bin/cos_dist_float_scen_simd_32 -r 0 -a 192.168.5.112 -f /home/kamil/pffrocd/ABY/build/bin/embeddings.txt -o /home/kamil/pffrocd -s 112 -x 0""",3.07,2.06,7%,1:04.18,0,0,0,0,168624,0,0,66943,61153,503,0,0,0,0,0,0,4096,0,0,165.571,194.685,192.964,7.068,4.88,4.792,6.043,4.52,5.501,7.268,5.861,13.301,6.999,4.923,45.887,44290.2389999998,1878982,8080,1878982,1878982,1740116,596354,0,0,0,12288,0,0,0,0,0,0,0,0,1,1339400,8080,63055.414,0.102,0.117,287.005,152.714,18062.421,18060.652,0.002,44992.99,27761630,27761118,29220,29220,27211913,27211913,27211904,27211913,0,0,549717,549205,0.7689874172,0.7689874172
23,3,lfw/Akhmed_Zakayev/Akhmed_Zakayev_0001.jpg,lfw/James_Roberts/James_Roberts_0001.jpg,False,False,0.9317393749952316,0.9317393899,66.32790803909302,64.41110682487488,1.91680121421814,"""/home/kamil/pffrocd/ABY/build/bin/cos_dist_float_scen_simd_32 -r 0 -a 192.168.5.112 -f /home/kamil/pffrocd/ABY/build/bin/embeddings.txt -o /home/kamil/pffrocd -s 112 -x 0""",2.94,2.1,7%,1:04.05,0,0,0,0,168836,0,0,66945,60944,417,0,0,0,0,0,0,4096,0,0,166.614,196.702,193.272,6.929,4.937,5.322,6.19,4.62,4.818,7.421,5.719,12.834,6.72,5.009,46.726,45263.9620000001,1878982,8080,1878982,1878982,1740116,596354,0,0,0,12288,0,0,0,0,0,0,0,0,1,1339400,8080,62878.43,0.108,0.115,352.226,143.477,16902.575,16900.741,0.002,45975.852,27761630,27761118,29220,29211,27211913,27211913,27211904,27211913,0,0,549717,549205,0.9317393899,0.9317393899
24,0,lfw/Al_Davis/Al_Davis_0001.jpg,lfw/Al_Davis/Al_Davis_0002.jpg,True,True,0.4307858943939209,0.4307858348,64.32267165184021,62.40842270851135,1.9142489433288572,"""/home/kamil/pffrocd/ABY/build/bin/cos_dist_float_scen_simd_32 -r 0 -a 192.168.5.112 -f /home/kamil/pffrocd/ABY/build/bin/embeddings.txt -o /home/kamil/pffrocd -s 112 -x 0""",3.11,1.99,8%,1:02.01,0,0,0,0,168908,0,0,66948,61168,433,0,0,0,0,0,0,4096,0,0,170.485,197.642,198.678,7.098,5.636,5.68,6.013,4.863,5.292,7.852,5.793,13.806,6.777,4.73,47.697,43772.8530000001,1878982,8080,1878982,1878982,1740116,596354,0,0,0,12288,0,0,0,0,0,0,0,0,1,1339400,8080,60953.151,0.102,0.134,238.361,150.291,16470.291,16468.742,0.001,44482.833,27761639,27761118,29211,29220,27211922,27211913,27211904,27211913,0,0,549717,549205,0.4307858348,0.4307858348
25,1,lfw/Al_Davis/Al_Davis_0001.jpg,lfw/Maurice_Strong/Maurice_Strong_0001.jpg,False,False,0.8994094133377075,0.8994094729,66.34076976776123,64.40900039672852,1.9317693710327148,"""/home/kamil/pffrocd/ABY/build/bin/cos_dist_float_scen_simd_32 -r 0 -a 192.168.5.112 -f /home/kamil/pffrocd/ABY/build/bin/embeddings.txt -o /home/kamil/pffrocd -s 112 -x 0""",3.29,1.84,8%,1:03.93,0,0,0,0,168980,0,0,66950,61487,528,0,0,0,0,0,0,4096,0,0,166.399,193.168,195.072,7.077,5.13,5.0,6.024,4.72,5.202,8.391,5.663,12.909,6.523,4.631,45.983,44896.1329999999,1878982,8080,1878982,1878982,1740116,596354,0,0,0,12288,0,0,0,0,0,0,0,0,1,1339400,8080,62998.697,0.118,0.125,144.293,126.042,17405.405,17403.485,0.002,45593.29,27761630,27761118,29220,29220,27211913,27211913,27211904,27211913,0,0,549717,549205,0.8994094729,0.8994094729
26,0,lfw/Al_Gore/Al_Gore_0001.jpg,lfw/Al_Gore/Al_Gore_0002.jpg,True,True,0.4893642067909241,0.4893642068,65.3576066493988,63.4223313331604,1.9352753162384035,"""/home/kamil/pffrocd/ABY/build/bin/cos_dist_float_scen_simd_32 -r 0 -a 192.168.5.112 -f /home/kamil/pffrocd/ABY/build/bin/embeddings.txt -o /home/kamil/pffrocd -s 112 -x 0""",3.18,1.94,8%,1:03.00,0,0,0,0,168620,0,0,66940,61570,416,0,0,0,0,0,0,4096,0,0,199.423,195.558,200.97,7.289,5.456,5.399,5.998,4.964,4.825,7.938,5.92,13.572,6.853,4.964,45.449,44793.733,1878982,8080,1878982,1878982,1740116,596354,0,0,0,12288,0,0,0,0,0,0,0,0,1,1339400,8080,61849.126,0.105,0.128,316.945,158.294,16314.304,16312.504,0.002,45534.82,27761639,27761118,29211,29220,27211922,27211913,27211904,27211913,0,0,549717,549205,0.4893642068,0.4893642068
27,1,lfw/Al_Gore/Al_Gore_0001.jpg,lfw/Al_Gore/Al_Gore_0003.jpg,True,True,0.4849832653999328,0.4849832058,66.39848041534424,64.47426295280457,1.9242174625396729,"""/home/kamil/pffrocd/ABY/build/bin/cos_dist_float_scen_simd_32 -r 0 -a 192.168.5.112 -f /home/kamil/pffrocd/ABY/build/bin/embeddings.txt -o /home/kamil/pffrocd -s 112 -x 0""",3.14,2.01,8%,1:04.08,0,0,0,0,168636,0,0,66941,61224,960,0,0,0,0,0,0,4096,0,0,166.922,195.502,195.66,7.47,5.239,5.686,5.983,4.628,5.546,7.418,5.73,12.959,7.03,4.68,47.904,45223.477,1878982,8080,1878982,1878982,1740116,596354,0,0,0,12288,0,0,0,0,0,0,0,0,1,1339400,8080,62958.411,0.116,0.124,317.343,129.979,17034.687,17032.893,0.002,45923.723,27761630,27761118,29220,29220,27211913,27211913,27211904,27211913,0,0,549717,549205,0.4849832058,0.4849832058
28,2,lfw/Al_Gore/Al_Gore_0001.jpg,lfw/Al_Gore/Al_Gore_0004.jpg,True,True,0.5589128732681274,0.5589128733,65.66902112960815,63.74168229103088,1.9273388385772705,"""/home/kamil/pffrocd/ABY/build/bin/cos_dist_float_scen_simd_32 -r 0 -a 192.168.5.112 -f /home/kamil/pffrocd/ABY/build/bin/embeddings.txt -o /home/kamil/pffrocd -s 112 -x 0""",3.13,2.08,8%,1:03.39,0,0,0,0,168836,0,0,66947,61646,675,0,0,0,0,0,0,4096,0,0,167.555,194.051,195.895,7.523,5.148,5.565,6.133,4.562,6.196,7.667,5.716,12.736,6.203,4.51,46.791,45004.2,1878982,8080,1878982,1878982,1740116,596354,0,0,0,12288,0,0,0,0,0,0,0,0,1,1339400,8080,62183.82,0.105,0.134,364.93,164.836,16478.309,16475.983,0.002,45705.509,27761630,27761118,29220,29220,27211913,27211913,27211913,27211913,0,0,549717,549205,0.5589128733,0.5589128733
29,3,lfw/Al_Gore/Al_Gore_0001.jpg,lfw/Al_Gore/Al_Gore_0005.jpg,False,True,0.6951873898506165,0.6951873302,66.545725107193,64.62147760391235,1.92424750328064,"""/home/kamil/pffrocd/ABY/build/bin/cos_dist_float_scen_simd_32 -r 0 -a 192.168.5.112 -f /home/kamil/pffrocd/ABY/build/bin/embeddings.txt -o /home/kamil/pffrocd -s 112 -x 0""",3.2,1.95,8%,1:04.18,0,0,0,0,168624,0,0,66938,61723,324,0,0,0,0,0,0,4096,0,0,164.294,192.029,192.612,7.203,5.268,4.926,6.156,4.433,6.037,7.208,5.597,13.01,6.696,4.667,45.467,44406.4390000001,1878982,8080,1878982,1878982,1740116,596354,0,0,0,12288,0,0,0,0,0,0,0,0,1,1339400,8080,63125.947,0.11,0.122,242.712,146.264,18030.933,18028.085,0.002,45095.012,27761630,27761118,29220,29220,27211913,27211913,27211904,27211913,0,0,549717,549205,0.6951873302,0.6951873302
30,4,lfw/Al_Gore/Al_Gore_0001.jpg,lfw/Al_Gore/Al_Gore_0006.jpg,False,True,0.8743331879377365,0.8743331432,67.68691968917847,65.7574679851532,1.9294517040252688,"""/home/kamil/pffrocd/ABY/build/bin/cos_dist_float_scen_simd_32 -r 0 -a 192.168.5.112 -f /home/kamil/pffrocd/ABY/build/bin/embeddings.txt -o /home/kamil/pffrocd -s 112 -x 0""",3.02,1.94,7%,1:05.23,0,0,0,0,168740,0,0,66949,61287,500,0,0,0,0,0,0,4096,0,0,163.652,191.801,194.027,7.962,6.773,5.663,5.999,4.59,5.021,7.252,5.911,13.087,6.882,4.813,47.39,45908.641,1878982,8080,1878982,1878982,1740116,596354,0,0,0,12288,0,0,0,0,0,0,0,0,1,1339400,8080,64215.391,0.09,0.12,167.737,178.066,17584.802,17583.26,0.001,46630.587,27761639,27761118,29211,29220,27211922,27211913,27211904,27211913,0,0,549717,549205,0.8743331432,0.8743331432
31,5,lfw/Al_Gore/Al_Gore_0001.jpg,lfw/Al_Gore/Al_Gore_0007.jpg,True,True,0.5664288103580475,0.5664286613,65.87057518959045,63.93195605278015,1.9386191368103027,"""/home/kamil/pffrocd/ABY/build/bin/cos_dist_float_scen_simd_32 -r 0 -a 192.168.5.112 -f /home/kamil/pffrocd/ABY/build/bin/embeddings.txt -o /home/kamil/pffrocd -s 112 -x 0""",3.03,2.01,7%,1:03.45,0,0,0,0,168620,0,0,66943,61429,802,0,0,0,0,0,0,4096,0,0,166.418,196.4,192.424,6.846,5.192,5.092,6.171,4.737,5.446,7.546,5.863,12.69,6.611,4.844,45.523,45142.0999999999,1878982,8080,1878982,1878982,1740116,596354,0,0,0,12288,0,0,0,0,0,0,0,0,1,1339400,8080,62594.165,0.155,0.116,62.967,115.859,16759.263,16757.436,0.002,45834.899,27761630,27761118,29220,29211,27211913,27211913,27211904,27211913,0,0,549717,549205,0.5664286613,0.5664286613
32,6,lfw/Al_Gore/Al_Gore_0001.jpg,lfw/Al_Gore/Al_Gore_0008.jpg,False,True,0.7991301268339157,0.7991301417,66.21628975868225,64.29884839057922,1.9174413681030276,"""/home/kamil/pffrocd/ABY/build/bin/cos_dist_float_scen_simd_32 -r 0 -a 192.168.5.112 -f /home/kamil/pffrocd/ABY/build/bin/embeddings.txt -o /home/kamil/pffrocd -s 112 -x 0""",2.99,1.97,7%,1:03.87,0,0,0,0,168892,0,0,66946,61323,362,0,0,0,0,0,0,4096,0,0,164.889,194.925,196.612,7.056,6.352,5.423,5.634,4.573,5.377,7.8,5.532,13.09,6.629,4.698,46.302,45606.0550000002,1878982,8080,1878982,1878982,1740116,596354,0,0,0,12288,0,0,0,0,0,0,0,0,1,1339400,8080,62851.19,0.109,0.172,247.264,115.82,16549.231,16547.405,0.002,46301.958,27761630,27761118,29220,29211,27211913,27211913,27211913,27211913,0,0,549717,549205,0.7991301417,0.7991301417
33,7,lfw/Al_Gore/Al_Gore_0001.jpg,lfw/Davis_Love_III/Davis_Love_III_0001.jpg,False,False,0.7678867280483246,0.7678866982,69.3953058719635,67.47413158416748,1.9211742877960205,"""/home/kamil/pffrocd/ABY/build/bin/cos_dist_float_scen_simd_32 -r 0 -a 192.168.5.112 -f /home/kamil/pffrocd/ABY/build/bin/embeddings.txt -o /home/kamil/pffrocd -s 112 -x 0""",3.13,1.94,7%,1:07.03,0,0,0,0,168804,0,0,66945,61315,701,0,0,0,0,0,0,4096,0,0,165.709,191.536,193.793,7.393,4.951,5.652,6.369,4.32,5.411,7.217,5.631,12.666,6.679,4.832,45.485,47389.2249999999,1878982,8080,1878982,1878982,1740116,596354,0,0,0,12288,0,0,0,0,0,0,0,0,1,1339400,8080,65961.986,0.106,0.121,269.493,118.393,17884.749,17883.221,0.002,48077.235,27761639,27761118,29211,29220,27211922,27211913,27211913,27211913,0,0,549717,549205,0.7678866982,0.7678866982
34,8,lfw/Al_Gore/Al_Gore_0001.jpg,lfw/Huang_Suey-Sheng/Huang_Suey-Sheng_0001.jpg,False,False,0.8490257114171982,0.8490256667,65.15282368659973,63.19993281364441,1.9528908729553225,"""/home/kamil/pffrocd/ABY/build/bin/cos_dist_float_scen_simd_32 -r 0 -a 192.168.5.112 -f /home/kamil/pffrocd/ABY/build/bin/embeddings.txt -o /home/kamil/pffrocd -s 112 -x 0""",3.11,1.96,8%,1:02.84,0,0,0,0,168604,0,1,66944,61572,758,0,0,0,0,0,0,4096,0,0,163.486,190.754,193.053,6.745,4.926,4.944,6.001,4.375,4.777,7.471,5.689,13.487,6.883,4.749,46.009,44451.1209999999,1878982,8080,1878982,1878982,1740116,596354,0,0,0,12288,0,0,0,0,0,0,0,0,1,1339400,8080,61715.021,0.106,0.138,321.769,129.141,16579.592,16577.59,0.002,45135.427,27761630,27761118,29220,29220,27211913,27211913,27211904,27211913,0,0,549717,549205,0.8490256667,0.8490256667
35,9,lfw/Al_Gore/Al_Gore_0001.jpg,lfw/Juan_Manuel_Marquez/Juan_Manuel_Marquez_0002.jpg,False,False,0.99882281688042,0.9988228083,68.79627394676208,66.8708381652832,1.9254357814788816,"""/home/kamil/pffrocd/ABY/build/bin/cos_dist_float_scen_simd_32 -r 0 -a 192.168.5.112 -f /home/kamil/pffrocd/ABY/build/bin/embeddings.txt -o /home/kamil/pffrocd -s 112 -x 0""",3.06,1.99,7%,1:06.47,0,0,0,0,168620,0,0,66945,61378,361,0,0,0,0,0,0,4096,0,0,163.688,192.788,191.372,7.362,5.102,5.169,5.912,4.418,4.766,7.406,5.906,13.136,6.699,4.662,45.562,48066.5890000002,1878982,8080,1878982,1878982,1740116,596354,0,0,0,12288,0,0,0,0,0,0,0,0,1,1339400,8080,65442.05,0.122,0.133,237.715,136.547,16669.121,16667.156,0.001,48772.926,27761630,27761118,29220,29220,27211913,27211913,27211913,27211913,0,0,549717,549205,0.9988228083,0.9988228083
36,10,lfw/Al_Gore/Al_Gore_0001.jpg,lfw/Javier_Vazquez/Javier_Vazquez_0001.jpg,False,False,0.8790110573172569,0.8790109754,68.8337504863739,66.91449689865112,1.9192535877227783,"""/home/kamil/pffrocd/ABY/build/bin/cos_dist_float_scen_simd_32 -r 0 -a 192.168.5.112 -f /home/kamil/pffrocd/ABY/build/bin/embeddings.txt -o /home/kamil/pffrocd -s 112 -x 0""",2.79,2.01,7%,1:06.46,0,0,0,0,168972,0,0,66943,61244,363,0,0,0,0,0,0,4096,0,0,159.305,189.109,186.279,6.547,4.905,4.934,5.709,4.418,5.432,7.535,5.542,11.866,6.485,4.72,43.206,48044.2680000002,1878982,8080,1878982,1878982,1740116,596354,0,0,0,12288,0,0,0,0,0,0,0,0,1,1339400,8080,65470.513,0.119,0.131,172.215,145.076,16745.655,16743.405,0.002,48724.854,27761630,27761118,29220,29220,27211913,27211913,27211904,27211913,0,0,549717,549205,0.8790109754,0.8790109754
37,11,lfw/Al_Gore/Al_Gore_0001.jpg,lfw/Paul_Patton/Paul_Patton_0002.jpg,False,False,1.027048969641328,1.0270489454,65.8778669834137,63.95134115219116,1.9265258312225344,"""/home/kamil/pffrocd/ABY/build/bin/cos_dist_float_scen_simd_32 -r 0 -a 192.168.5.112 -f /home/kamil/pffrocd/ABY/build/bin/embeddings.txt -o /home/kamil/pffrocd -s 112 -x 0""",3.02,1.96,7%,1:03.53,0,0,0,0,168700,0,0,66945,61341,410,0,0,0,0,0,0,4096,0,0,164.14,191.953,193.209,6.688,4.843,5.418,5.87,4.677,5.115,7.33,5.65,14.477,7.093,4.672,45.697,44302.54,1878982,8080,1878982,1878982,1740116,596354,0,0,0,12288,0,0,0,0,0,0,0,0,1,1339400,8080,62502.162,0.104,0.117,241.353,132.625,17511.735,17509.941,0.001,44990.426,27761630,27761118,29220,29211,27211913,27211913,27211913,27211913,0,0,549717,549205,1.0270489454,1.0270489454
38,12,lfw/Al_Gore/Al_Gore_0001.jpg,lfw/Michael_Ballack/Michael_Ballack_0003.jpg,False,False,0.9587305076420308,0.9587304592,65.30411696434021,63.38014340400696,1.923973560333252,"""/home/kamil/pffrocd/ABY/build/bin/cos_dist_float_scen_simd_32 -r 0 -a 192.168.5.112 -f /home/kamil/pffrocd/ABY/build/bin/embeddings.txt -o /home/kamil/pffrocd -s 112 -x 0""",3.11,1.94,8%,1:03.03,0,0,0,0,168792,0,0,66948,61060,549,0,0,0,0,0,0,4096,0,0,164.015,191.758,193.441,6.773,5.039,5.556,6.02,4.715,5.015,7.255,5.796,13.262,6.874,4.593,46.74,43863.6730000001,1878982,8080,1878982,1878982,1740116,596354,0,0,0,12288,0,0,0,0,0,0,0,0,1,1339400,8080,61989.124,0.106,0.134,230.916,116.636,17426.145,17424.568,0.001,44562.978,27761630,27761118,29220,29211,27211913,27211913,27211913,27211913,0,0,549717,549205,0.9587304592,0.9587304592
39,13,lfw/Al_Gore/Al_Gore_0001.jpg,lfw/Jim_Kelly/Jim_Kelly_0001.jpg,False,False,0.8828897550702095,0.8828897476,64.8471200466156,62.904995918273926,1.9421241283416748,"""/home/kamil/pffrocd/ABY/build/bin/cos_dist_float_scen_simd_32 -r 0 -a 192.168.5.112 -f /home/kamil/pffrocd/ABY/build/bin/embeddings.txt -o /home/kamil/pffrocd -s 112 -x 0""",2.83,2.0,7%,1:02.46,0,0,0,0,168804,0,0,66945,60918,369,0,0,0,0,0,0,4096,0,0,163.775,189.833,188.307,6.93,4.988,5.18,5.436,4.491,5.162,7.065,5.479,12.355,7.216,4.589,46.097,44050.1929999999,1878982,8080,1878982,1878982,1740116,596354,0,0,0,12288,0,0,0,0,0,0,0,0,1,1339400,8080,61516.828,0.1,0.125,151.663,138.186,16781.998,16780.088,0.003,44734.828,27761630,27761118,29220,29211,27211913,27211913,27211904,27211913,0,0,549717,549205,0.8828897476,0.8828897476
40,0,lfw/Al_Pacino/Al_Pacino_0001.jpg,lfw/Al_Pacino/Al_Pacino_0002.jpg,True,True,0.5009094178676605,0.5009095669,69.07191157341003,67.14561319351196,1.9262983798980715,"""/home/kamil/pffrocd/ABY/build/bin/cos_dist_float_scen_simd_32 -r 0 -a 192.168.5.112 -f /home/kamil/pffrocd/ABY/build/bin/embeddings.txt -o /home/kamil/pffrocd -s 112 -x 0""",3.0,1.94,7%,1:06.72,0,0,0,0,168708,0,1,66947,61443,415,0,0,0,0,0,0,4096,0,0,165.421,192.56,198.232,6.902,5.052,5.671,6.126,4.803,4.802,7.416,6.355,12.719,6.684,4.657,46.365,47740.7489999999,1878982,8080,1878982,1878982,1740116,596354,0,0,0,12288,0,0,0,0,0,0,0,0,1,1339400,8080,65765.355,0.106,0.154,133.445,141.425,17316.158,17314.353,0.001,48449.195,27761630,27761118,29220,29220,27211913,27211913,27211904,27211913,0,0,549717,549205,0.5009095669,0.5009095669
41,1,lfw/Al_Pacino/Al_Pacino_0001.jpg,lfw/Al_Pacino/Al_Pacino_0003.jpg,True,True,0.2966488599777221,0.29664886,68.49017071723938,66.53814840316772,1.9520223140716555,"""/home/kamil/pffrocd/ABY/build/bin/cos_dist_float_scen_simd_32 -r 0 -a 192.168.5.112 -f /home/kamil/pffrocd/ABY/build/bin/embeddings.txt -o /home/kamil/pffrocd -s 112 -x 0""",3.07,2.0,7%,1:05.98,0,0,0,0,168624,0,0,66945,61494,375,0,0,0,0,0,0,4096,0,0,163.0,189.242,187.525,6.92,4.909,4.938,5.718,4.289,4.64,7.038,5.659,12.386,6.883,4.846,43.226,46532.3329999998,1878982,8080,1878982,1878982,1740116,596354,0,0,0,12288,0,0,0,0,0,0,0,0,1,1339400,8080,64983.317,0.102,0.13,182.216,152.281,17772.176,17770.178,0.002,47211.137,27761630,27761118,29220,29220,27211913,27211913,27211904,27211913,0,0,549717,549205,0.29664886,0.29664886
42,2,lfw/Al_Pacino/Al_Pacino_0001.jpg,lfw/Sandra_Banning/Sandra_Banning_0001.jpg,False,False,1.0116096660494804,1.0116096735,65.9124813079834,63.99437642097473,1.918104887008667,"""/home/kamil/pffrocd/ABY/build/bin/cos_dist_float_scen_simd_32 -r 0 -a 192.168.5.112 -f /home/kamil/pffrocd/ABY/build/bin/embeddings.txt -o /home/kamil/pffrocd -s 112 -x 0""",3.12,1.98,8%,1:03.51,0,0,0,0,168964,0,0,66947,61828,625,0,0,0,0,0,0,4096,0,0,160.972,193.282,188.284,6.715,5.1,4.756,5.657,4.628,5.284,7.68,5.692,12.395,6.824,6.983,45.12,44886.478,1878982,8080,1878982,1878982,1740116,596354,0,0,0,12288,0,0,0,0,0,0,0,0,1,1339400,8080,62360.497,0.109,0.122,350.55,137.205,16791.397,16789.665,0.002,45569.098,27761639,27761118,29211,29220,27211922,27211913,27211904,27211913,0,0,549717,549205,1.0116096735,1.0116096735
43,3,lfw/Al_Pacino/Al_Pacino_0001.jpg,lfw/Michael_Sullivan/Michael_Sullivan_0002.jpg,False,False,0.7617542147636414,0.7617540359,64.37264680862427,62.453673362731934,1.918973445892334,"""/home/kamil/pffrocd/ABY/build/bin/cos_dist_float_scen_simd_32 -r 0 -a 192.168.5.112 -f /home/kamil/pffrocd/ABY/build/bin/embeddings.txt -o /home/kamil/pffrocd -s 112 -x 0""",2.97,1.97,7%,1:01.99,0,0,0,0,168624,0,0,66942,61640,466,0,0,0,0,0,0,4096,0,0,164.351,192.272,192.511,6.886,5.013,5.782,5.573,4.325,5.027,6.992,5.663,12.564,6.52,4.719,47.002,43936.0540000001,1878982,8080,1878982,1878982,1740116,596354,0,0,0,12288,0,0,0,0,0,0,0,0,1,1339400,8080,61015.497,0.11,0.133,108.026,190.469,16392.89,16391.35,0.001,44622.604,27761639,27761118,29211,29220,27211922,27211913,27211913,27211913,0,0,549717,549205,0.7617540359,0.7617540359
44,0,lfw/Ahmet_Necdet_Sezer/Ahmet_Necdet_Sezer_0001.jpg,lfw/Ahmet_Necdet_Sezer/Ahmet_Necdet_Sezer_0002.jpg,True,True,0.4069041609764099,0.4069042206,61.40369653701782,59.48949790000916,1.914198637008667,"""/home/kamil/pffrocd/ABY/build/bin/cos_dist_float_scen_simd_32 -r 0 -a 192.168.5.112 -f /home/kamil/pffrocd/ABY/build/bin/embeddings.txt -o /home/kamil/pffrocd -s 112 -x 0""",3.11,1.95,8%,0:59.07,0,0,0,0,168828,0,1,66945,61031,442,0,0,0,0,0,0,4096,0,0,167.699,198.447,195.088,6.946,5.025,5.103,6.104,4.842,4.623,7.754,6.024,12.378,6.812,5.47,45.853,40330.3580000001,1878982,8080,1878982,1878982,1740116,596354,0,0,0,12288,0,0,0,0,0,0,0,0,1,1339400,8080,57603.748,0.138,0.117,654.89,134.235,16573.699,16571.897,0.001,41030.046,27761630,27761118,29220,29220,27211913,27211913,27211904,27211913,0,0,549717,549205,0.4069042206,0.4069042206
45,1,lfw/Ahmet_Necdet_Sezer/Ahmet_Necdet_Sezer_0001.jpg,lfw/Dionne_Warwick/Dionne_Warwick_0001.jpg,False,False,0.9845166308805346,0.9845166206,59.536179065704346,57.60848069190979,1.927698373794556,"""/home/kamil/pffrocd/ABY/build/bin/cos_dist_float_scen_simd_32 -r 0 -a 192.168.5.112 -f /home/kamil/pffrocd/ABY/build/bin/embeddings.txt -o /home/kamil/pffrocd -s 112 -x 0""",3.27,1.92,9%,0:57.25,0,0,0,0,168960,0,0,66944,61149,719,0,0,0,0,0,0,4096,0,0,167.881,201.196,193.67,7.475,5.18,4.755,6.273,5.145,4.755,8.072,6.376,12.679,7.487,5.133,46.127,40521.6069999998,1878982,8080,1878982,1878982,1740116,596354,0,0,0,12288,0,0,0,0,0,0,0,0,1,1339400,8080,56258.56,0.103,0.131,208.629,126.079,15028.217,15026.386,0.002,41230.341,27761630,27761118,29220,29220,27211913,27211913,27211913,27211913,0,0,549717,549205,0.9845166206,0.9845166206
46,0,lfw/Ai_Sugiyama/Ai_Sugiyama_0001.jpg,lfw/Ai_Sugiyama/Ai_Sugiyama_0002.jpg,True,True,0.4856290221214294,0.4856289625,62.47132658958435,60.54696416854858,1.9243624210357664,"""/home/kamil/pffrocd/ABY/build/bin/cos_dist_float_scen_simd_32 -r 0 -a 192.168.5.112 -f /home/kamil/pffrocd/ABY/build/bin/embeddings.txt -o /home/kamil/pffrocd -s 112 -x 0""",3.01,2.01,8%,1:00.14,0,0,0,0,168612,0,0,66938,61354,418,0,0,0,0,0,0,4096,0,0,168.817,195.048,196.853,7.19,4.916,4.822,6.063,4.609,5.469,7.45,6.024,13.127,6.766,4.916,45.833,41004.292,1878982,8080,1878982,1878982,1740116,596354,0,0,0,12288,0,0,0,0,0,0,0,0,1,1339400,8080,59271.964,0.103,0.138,49.452,158.712,17554.461,17552.938,0.001,41717.501,27761639,27761118,29211,29220,27211922,27211913,27211922,27211913,0,0,549717,549205,0.4856289625,0.4856289625
47,1,lfw/Ai_Sugiyama/Ai_Sugiyama_0001.jpg,lfw/Ai_Sugiyama/Ai_Sugiyama_0003.jpg,True,True,0.4750053286552429,0.4750052691,60.07599997520447,58.157066106796265,1.9189338684082031,"""/home/kamil/pffrocd/ABY/build/bin/cos_dist_float_scen_simd_32 -r 0 -a 192.168.5.112 -f /home/kamil/pffrocd/ABY/build/bin/embeddings.txt -o /home/kamil/pffrocd -s 112 -x 0""",3.1,2.03,8%,0:57.78,0,0,0,0,168716,0,0,66942,61325,1082,0,0,0,0,0,0,4096,0,0,167.011,194.897,194.933,6.612,5.167,4.859,6.164,5.307,4.901,7.746,6.031,12.695,6.384,5.208,44.561,39173.0899999999,1878982,8080,1878982,1878982,1740116,596354,0,0,0,12288,0,0,0,0,0,0,0,0,1,1339400,8080,56755.02,0.099,0.13,225.659,117.933,16887.811,16886.228,0.001,39867.207,27761630,27761118,29220,29220,27211913,27211913,27211904,27211913,0,0,549717,549205,0.4750052691,0.4750052691
48,2,lfw/Ai_Sugiyama/Ai_Sugiyama_0001.jpg,lfw/Ai_Sugiyama/Ai_Sugiyama_0004.jpg,False,True,0.6170364320278168,0.6170363426,63.18342781066895,61.26407861709595,1.919349193572998,"""/home/kamil/pffrocd/ABY/build/bin/cos_dist_float_scen_simd_32 -r 0 -a 192.168.5.112 -f /home/kamil/pffrocd/ABY/build/bin/embeddings.txt -o /home/kamil/pffrocd -s 112 -x 0""",3.13,1.99,8%,1:00.90,0,0,0,0,168564,0,0,66946,60362,614,0,0,0,0,0,0,4096,0,0,164.759,195.032,197.332,6.817,5.029,4.892,6.008,4.771,4.794,7.535,6.429,13.139,7.188,5.327,46.995,42522.715,1878982,8080,1878982,1878982,1740116,596354,0,0,0,12288,0,0,0,0,0,0,0,0,1,1339400,8080,59859.875,0.104,0.141,221.415,141.281,16639.36,16637.607,0.001,43220.513,27761630,27761118,29220,29211,27211913,27211913,27211913,27211913,0,0,549717,549205,0.6170363426,0.6170363426
49,3,lfw/Ai_Sugiyama/Ai_Sugiyama_0001.jpg,lfw/Ai_Sugiyama/Ai_Sugiyama_0005.jpg,True,True,0.5916658043861389,0.5916658044,62.23622369766235,60.30455780029297,1.9316658973693848,"""/home/kamil/pffrocd/ABY/build/bin/cos_dist_float_scen_simd_32 -r 0 -a 192.168.5.112 -f /home/kamil/pffrocd/ABY/build/bin/embeddings.txt -o /home/kamil/pffrocd -s 112 -x 0""",3.2,1.9,8%,0:59.94,0,0,0,0,168608,0,0,66939,61255,421,0,0,0,0,0,0,4096,0,0,167.416,194.835,195.963,6.925,4.912,5.234,6.028,5.066,5.455,7.814,5.902,12.383,6.765,4.924,45.781,41712.133,1878982,8080,1878982,1878982,1740116,596354,0,0,0,12288,0,0,0,0,0,0,0,0,1,1339400,8080,58891.917,0.131,0.11,219.563,154.367,16482.695,16481.139,0.001,42409.22,27761639,27761118,29211,29220,27211922,27211913,27211904,27211913,0,0,549717,549205,0.5916658044,0.5916658044
50,4,lfw/Ai_Sugiyama/Ai_Sugiyama_0001.jpg,lfw/Massoud_Barzani/Massoud_Barzani_0001.jpg,False,False,1.035724837332964,1.0357248783,64.4198625087738,62.50003957748413,1.9198229312896729,"""/home/kamil/pffrocd/ABY/build/bin/cos_dist_float_scen_simd_32 -r 0 -a 192.168.5.112 -f /home/kamil/pffrocd/ABY/build/bin/embeddings.txt -o /home/kamil/pffrocd -s 112 -x 0""",3.1,2.13,8%,1:02.08,0,0,0,0,168896,0,0,66944,60939,952,0,0,0,0,0,0,4096,0,0,166.93,194.98,196.083,7.16,5.027,4.786,6.056,4.57,5.197,7.651,6.486,13.276,7.063,5.08,48.205,43271.4030000002,1878982,8080,1878982,1878982,1740116,596354,0,0,0,12288,0,0,0,0,0,0,0,0,1,1339400,8080,61116.838,0.101,0.134,133.967,137.61,17144.639,17142.679,0.001,43972.198,27761630,27761118,29220,29220,27211913,27211913,27211904,27211913,0,0,549717,549205,1.0357248783,1.0357248783
51,5,lfw/Ai_Sugiyama/Ai_Sugiyama_0001.jpg,lfw/Larry_Johnson/Larry_Johnson_0002.jpg,False,False,0.8984959498047829,0.8984959722,63.15648889541626,61.2256133556366,1.930875539779663,"""/home/kamil/pffrocd/ABY/build/bin/cos_dist_float_scen_simd_32 -r 0 -a 192.168.5.112 -f /home/kamil/pffrocd/ABY/build/bin/embeddings.txt -o /home/kamil/pffrocd -s 112 -x 0""",3.19,2.01,8%,1:00.81,0,0,0,0,168880,0,0,66946,61132,410,0,0,0,0,0,0,4096,0,0,167.38,196.16,193.33,6.803,5.244,4.829,6.207,4.744,5.293,7.792,6.583,12.708,6.872,5.472,46.177,43474.529,1878982,8080,1878982,1878982,1740116,596354,0,0,0,12288,0,0,0,0,0,0,0,0,1,1339400,8080,59823.908,0.103,0.124,151.954,177.104,15652.445,15650.411,0.002,44171.461,27761630,27761118,29220,29219,27211913,27211913,27211904,27211913,0,0,549717,549205,0.8984959722,0.8984959722
52,6,lfw/Ai_Sugiyama/Ai_Sugiyama_0001.jpg,lfw/Carlos_Juarez/Carlos_Juarez_0001.jpg,False,False,0.922498233616352,0.9224982262,68.3569085597992,66.44159317016602,1.9153153896331787,"""/home/kamil/pffrocd/ABY/build/bin/cos_dist_float_scen_simd_32 -r 0 -a 192.168.5.112 -f /home/kamil/pffrocd/ABY/build/bin/embeddings.txt -o /home/kamil/pffrocd -s 112 -x 0""",2.91,1.74,7%,1:06.06,0,0,0,0,168672,0,0,66942,61403,599,0,0,0,0,0,0,4096,0,0,142.562,166.068,167.029,5.715,4.202,4.119,5.061,4.174,4.032,6.3,5.222,10.891,6.413,4.196,38.587,46930.5329999999,1878982,8080,1878982,1878982,1740116,596354,0,0,0,12288,0,0,0,0,0,0,0,0,1,1339400,8080,64970.443,0.107,0.128,233.35,177.082,17438.61,17436.573,0.002,47531.831,27761630,27761118,29220,29220,27211913,27211913,27211904,27211913,0,0,549717,549205,0.9224982262,0.9224982262
53,0,lfw/Aicha_El_Ouafi/Aicha_El_Ouafi_0001.jpg,lfw/Aicha_El_Ouafi/Aicha_El_Ouafi_0002.jpg,True,True,0.3585660457611084,0.3585660458,63.013312101364136,61.08995413780213,1.923357963562012,"""/home/kamil/pffrocd/ABY/build/bin/cos_dist_float_scen_simd_32 -r 0 -a 192.168.5.112 -f /home/kamil/pffrocd/ABY/build/bin/embeddings.txt -o /home/kamil/pffrocd -s 112 -x 0""",3.02,2.12,8%,1:00.70,0,0,0,0,168952,0,0,66949,61115,419,0,0,0,0,0,0,4096,0,0,167.362,194.521,197.381,6.854,4.902,4.393,6.713,4.645,5.124,7.248,6.108,12.409,8.305,5.013,45.453,42074.002,1878982,8080,1878982,1878982,1740116,596354,0,0,0,12288,0,0,0,0,0,0,0,0,1,1339400,8080,59827.373,0.091,0.127,91.866,123.586,17056.57,17054.733,0.002,42770.802,27761630,27761118,29220,29211,27211913,27211913,27211904,27211913,0,0,549717,549205,0.3585660458,0.3585660458
54,1,lfw/Aicha_El_Ouafi/Aicha_El_Ouafi_0001.jpg,lfw/Aicha_El_Ouafi/Aicha_El_Ouafi_0003.jpg,True,True,0.3939683437347412,0.3939682245,58.4523138999939,56.52774524688721,1.9245686531066892,"""/home/kamil/pffrocd/ABY/build/bin/cos_dist_float_scen_simd_32 -r 0 -a 192.168.5.112 -f /home/kamil/pffrocd/ABY/build/bin/embeddings.txt -o /home/kamil/pffrocd -s 112 -x 0""",3.28,1.96,9%,0:56.18,0,0,0,0,168616,0,0,66942,60647,551,0,0,0,0,0,0,4096,0,0,169.393,197.428,198.607,6.792,5.036,5.28,6.172,5.131,5.229,7.582,6.756,12.716,7.049,5.091,46.838,39918.764,1878982,8080,1878982,1878982,1740116,596354,0,0,0,12288,0,0,0,0,0,0,0,0,1,1339400,8080,55048.708,0.113,0.118,309.38,143.521,14410.037,14408.24,0.002,40638.669,27761630,27761118,29220,29220,27211913,27211913,27211904,27211913,0,0,549717,549205,0.3939682245,0.3939682245
55,2,lfw/Aicha_El_Ouafi/Aicha_El_Ouafi_0001.jpg,lfw/Charlene_Barshefsky/Charlene_Barshefsky_0001.jpg,False,False,0.802210807800293,0.8022107482,60.366235971450806,58.44861578941345,1.9176201820373533,"""/home/kamil/pffrocd/ABY/build/bin/cos_dist_float_scen_simd_32 -r 0 -a 192.168.5.112 -f /home/kamil/pffrocd/ABY/build/bin/embeddings.txt -o /home/kamil/pffrocd -s 112 -x 0""",3.33,1.82,8%,0:58.11,0,0,0,0,168960,0,0,66946,60814,615,0,0,0,0,0,0,4096,0,0,167.642,197.567,197.025,7.127,4.91,5.486,6.179,4.909,5.011,7.477,5.955,12.115,7.74,5.235,46.49,41332.58,1878982,8080,1878982,1878982,1740116,596354,0,0,0,12288,0,0,0,0,0,0,0,0,1,1339400,8080,57134.958,0.099,0.134,180.413,122.074,15094.922,15093.354,0.001,42040.034,27761630,27761118,29220,29211,27211913,27211913,27211904,27211913,0,0,549717,549205,0.8022107482,0.8022107482
56,3,lfw/Aicha_El_Ouafi/Aicha_El_Ouafi_0001.jpg,lfw/Hilary_Duff/Hilary_Duff_0001.jpg,False,False,1.1197471022605896,1.1197471619,58.16314435005188,56.230814933776855,1.9323294162750244,"""/home/kamil/pffrocd/ABY/build/bin/cos_dist_float_scen_simd_32 -r 0 -a 192.168.5.112 -f /home/kamil/pffrocd/ABY/build/bin/embeddings.txt -o /home/kamil/pffrocd -s 112 -x 0""",3.17,2.02,9%,0:55.87,0,0,0,0,168876,0,0,66946,61107,547,0,0,0,0,0,0,4096,0,0,169.712,200.265,195.994,6.826,5.009,4.846,6.443,4.741,4.832,7.687,6.188,12.934,7.244,5.154,47.458,39275.6620000001,1878982,8080,1878982,1878982,1740116,596354,0,0,0,12288,0,0,0,0,0,0,0,0,1,1339400,8080,54832.408,0.125,0.145,234.554,148.343,14849.685,14847.359,0.002,39982.72,27761630,27761118,29220,29219,27211913,27211913,27211904,27211913,0,0,549717,549205,1.1197471619,1.1197471619
57,0,lfw/Aitor_Gonzalez/Aitor_Gonzalez_0001.jpg,lfw/Aitor_Gonzalez/Aitor_Gonzalez_0002.jpg,True,True,0.4174291491508484,0.4174290299,61.15852999687195,59.24257159233093,1.915958404541016,"""/home/kamil/pffrocd/ABY/build/bin/cos_dist_float_scen_simd_32 -r 0 -a 192.168.5.112 -f /home/kamil/pffrocd/ABY/build/bin/embeddings.txt -o /home/kamil/pffrocd -s 112 -x 0""",3.38,1.91,8%,0:58.88,0,0,0,0,168888,0,0,66946,60985,777,0,0,0,0,0,0,4096,0,0,168.621,200.359,199.537,6.753,5.058,5.176,6.626,4.883,5.08,7.652,6.324,13.894,7.353,5.212,49.083,41346.913,1878982,8080,1878982,1878982,1740116,596354,0,0,0,12288,0,0,0,0,0,0,0,0,1,1339400,8080,57768.004,0.118,0.102,282.797,172.965,15703.705,15701.672,0.003,42064.297,27761630,27761118,29220,29220,27211913,27211913,27211904,27211913,0,0,549717,549205,0.4174290299,0.4174290299
58,1,lfw/Aitor_Gonzalez/Aitor_Gonzalez_0001.jpg,lfw/Ian_Campbell/Ian_Campbell_0001.jpg,False,False,0.9085563644766808,0.9085564017,61.2027153968811,59.2837917804718,1.9189236164093015,"""/home/kamil/pffrocd/ABY/build/bin/cos_dist_float_scen_simd_32 -r 0 -a 192.168.5.112 -f /home/kamil/pffrocd/ABY/build/bin/embeddings.txt -o /home/kamil/pffrocd -s 112 -x 0""",3.19,1.95,8%,0:58.83,0,0,0,0,168612,0,0,66944,61018,406,0,0,0,0,0,0,4096,0,0,167.094,194.565,192.934,6.839,5.141,4.776,6.357,4.87,5.203,7.549,6.143,12.768,6.995,5.098,46.7,41639.6850000001,1878982,8080,1878982,1878982,1740116,596354,0,0,0,12288,0,0,0,0,0,0,0,0,1,1339400,8080,57798.512,0.105,0.138,171.842,207.272,15452.435,15450.462,0.001,42346.075,27761630,27761118,29220,29220,27211913,27211913,27211913,27211913,0,0,549717,549205,0.9085564017,0.9085564017
59,0,lfw/Akbar_Hashemi_Rafsanjani/Akbar_Hashemi_Rafsanjani_0001.jpg,lfw/Akbar_Hashemi_Rafsanjani/Akbar_Hashemi_Rafsanjani_0002.jpg,True,True,0.5645234286785126,0.5645234585,59.78050518035889,57.84835362434387,1.9321515560150144,"""/home/kamil/pffrocd/ABY/build/bin/cos_dist_float_scen_simd_32 -r 0 -a 192.168.5.112 -f /home/kamil/pffrocd/ABY/build/bin/embeddings.txt -o /home/kamil/pffrocd -s 112 -x 0""",3.18,1.97,8%,0:57.44,0,0,0,0,168668,0,0,66943,60103,304,0,0,0,0,0,0,4096,0,0,167.693,196.95,196.699,6.559,5.137,5.248,6.063,4.94,4.71,7.403,6.19,12.764,6.944,5.21,46.796,40364.451,1878982,8080,1878982,1878982,1740116,596354,0,0,0,12288,0,0,0,0,0,0,0,0,1,1339400,8080,56356.139,0.111,0.134,200.535,190.023,15289.938,15287.28,0.002,41066.198,27761630,27761118,29220,29220,27211913,27211913,27211913,27211913,0,0,549717,549205,0.5645234585,0.5645234585
60,1,lfw/Akbar_Hashemi_Rafsanjani/Akbar_Hashemi_Rafsanjani_0001.jpg,lfw/Akbar_Hashemi_Rafsanjani/Akbar_Hashemi_Rafsanjani_0003.jpg,False,True,0.7963256239891052,0.7963255644,60.86629891395569,58.9550883769989,1.911210536956787,"""/home/kamil/pffrocd/ABY/build/bin/cos_dist_float_scen_simd_32 -r 0 -a 192.168.5.112 -f /home/kamil/pffrocd/ABY/build/bin/embeddings.txt -o /home/kamil/pffrocd -s 112 -x 0""",3.19,2.02,8%,0:58.55,0,0,0,0,168724,0,0,66948,60976,988,0,0,0,0,0,0,4096,0,0,167.204,195.997,192.402,7.362,5.154,4.906,6.494,4.619,4.703,7.421,6.108,12.949,7.116,5.109,47.264,41188.5480000002,1878982,8080,1878982,1878982,1740116,596354,0,0,0,12288,0,0,0,0,0,0,0,0,1,1339400,8080,57537.597,0.101,0.133,169.628,166.598,15652.777,15651.067,0.002,41884.818,27761630,27761118,29220,29220,27211913,27211913,27211904,27211913,0,0,549717,549205,0.7963255644,0.7963255644
61,2,lfw/Akbar_Hashemi_Rafsanjani/Akbar_Hashemi_Rafsanjani_0001.jpg,lfw/Dave_Lewis/Dave_Lewis_0001.jpg,False,False,0.7894885838031769,0.789488554,57.94482588768005,56.02761149406433,1.9172143936157229,"""/home/kamil/pffrocd/ABY/build/bin/cos_dist_float_scen_simd_32 -r 0 -a 192.168.5.112 -f /home/kamil/pffrocd/ABY/build/bin/embeddings.txt -o /home/kamil/pffrocd -s 112 -x 0""",3.26,1.88,9%,0:55.66,0,0,0,0,168836,0,0,66945,60904,374,0,0,0,0,0,0,4096,0,0,169.267,199.004,197.778,7.874,5.311,5.096,6.162,5.126,6.173,7.58,6.017,13.122,7.263,5.056,46.211,39978.8710000002,1878982,8080,1878982,1878982,1740116,596354,0,0,0,12288,0,0,0,0,0,0,0,0,1,1339400,8080,54652.5,0.099,0.124,211.714,120.965,13961.093,13959.058,0.002,40691.403,27761630,27761118,29220,29219,27211913,27211913,27211904,27211913,0,0,549717,549205,0.789488554,0.789488554
62,3,lfw/Akbar_Hashemi_Rafsanjani/Akbar_Hashemi_Rafsanjani_0001.jpg,lfw/Gabi_Zimmer/Gabi_Zimmer_0001.jpg,False,False,0.9471146799623966,0.9471146464,62.56971573829651,60.649243116378784,1.9204726219177248,"""/home/kamil/pffrocd/ABY/build/bin/cos_dist_float_scen_simd_32 -r 0 -a 192.168.5.112 -f /home/kamil/pffrocd/ABY/build/bin/embeddings.txt -o /home/kamil/pffrocd -s 112 -x 0""",3.1,2.03,8%,1:00.30,0,0,0,0,168792,0,0,66944,60794,1086,0,0,0,0,0,0,4096,0,0,165.038,195.456,194.064,6.968,4.796,5.175,5.914,4.799,4.621,7.331,5.974,12.293,6.712,5.288,45.638,42843.8649999999,1878982,8080,1878982,1878982,1740116,596354,0,0,0,12288,0,0,0,0,0,0,0,0,1,1339400,8080,59261.621,0.103,0.125,227.911,144.489,15726.187,15724.598,0.001,43535.432,27761630,27761118,29220,29220,27211913,27211913,27211913,27211913,0,0,549717,549205,0.9471146464,0.9471146464
63,0,lfw/Akhmed_Zakayev/Akhmed_Zakayev_0001.jpg,lfw/Akhmed_Zakayev/Akhmed_Zakayev_0002.jpg,True,True,0.2804858684539795,0.2804861069,59.47801017761231,57.54055881500244,1.9374513626098635,"""/home/kamil/pffrocd/ABY/build/bin/cos_dist_float_scen_simd_32 -r 0 -a 192.168.5.112 -f /home/kamil/pffrocd/ABY/build/bin/embeddings.txt -o /home/kamil/pffrocd -s 112 -x 0""",3.22,1.98,9%,0:57.15,0,0,0,0,168796,0,0,66945,60642,417,0,0,0,0,0,0,4096,0,0,168.187,199.178,198.744,6.779,5.085,4.594,6.221,4.719,5.644,8.057,6.2,13.16,6.715,5.365,47.579,40710.3590000001,1878982,8080,1878982,1878982,1740116,596354,0,0,0,12288,0,0,0,0,0,0,0,0,1,1339400,8080,56170.451,0.107,0.132,179.083,125.394,14739.893,14738.203,0.002,41430.556,27761630,27761118,29220,29220,27211913,27211913,27211904,27211913,0,0,549717,549205,0.2804861069,0.2804861069
64,1,lfw/Akhmed_Zakayev/Akhmed_Zakayev_0001.jpg,lfw/Akhmed_Zakayev/Akhmed_Zakayev_0003.jpg,True,True,0.1713001132011413,0.1713001728,60.15686774253845,58.23206448554993,1.9248032569885252,"""/home/kamil/pffrocd/ABY/build/bin/cos_dist_float_scen_simd_32 -r 0 -a 192.168.5.112 -f /home/kamil/pffrocd/ABY/build/bin/embeddings.txt -o /home/kamil/pffrocd -s 112 -x 0""",3.29,1.9,8%,0:57.87,0,0,0,0,168828,0,0,66948,60950,426,0,0,0,0,0,0,4096,0,0,169.387,201.015,200.082,6.801,5.471,4.595,6.384,4.718,5.271,7.893,6.216,13.481,7.123,5.416,46.976,39991.66,1878982,8080,1878982,1878982,1740116,596354,0,0,0,12288,0,0,0,0,0,0,0,0,1,1339400,8080,56884.814,0.107,0.141,188.182,139.295,16180.871,16179.106,0.002,40703.94,27761639,27761118,29211,29220,27211922,27211913,27211904,27211913,0,0,549717,549205,0.1713001728,0.1713001728
65,2,lfw/Akhmed_Zakayev/Akhmed_Zakayev_0001.jpg,lfw/Edward_Lohn/Edward_Lohn_0001.jpg,False,False,0.6447867453098297,0.6447868347,61.28443503379822,59.36059713363648,1.9238379001617432,"""/home/kamil/pffrocd/ABY/build/bin/cos_dist_float_scen_simd_32 -r 0 -a 192.168.5.112 -f /home/kamil/pffrocd/ABY/build/bin/embeddings.txt -o /home/kamil/pffrocd -s 112 -x 0""",3.16,1.93,8%,0:58.94,0,0,0,0,168784,0,0,66947,60381,819,0,0,0,0,0,0,4096,0,0,167.854,196.272,196.175,6.782,5.279,4.976,6.441,4.967,5.211,8.502,6.099,13.117,7.201,5.115,46.119,41150.1600000003,1878982,8080,1878982,1878982,1740116,596354,0,0,0,12288,0,0,0,0,0,0,0,0,1,1339400,8080,58053.565,0.098,0.118,72.812,135.986,16201.551,16199.77,0.002,41852.011,27761639,27761118,29211,29220,27211922,27211913,27211913,27211913,0,0,549717,549205,0.6447868347,0.6447868347
66,3,lfw/Akhmed_Zakayev/Akhmed_Zakayev_0001.jpg,lfw/John_Malkovich/John_Malkovich_0001.jpg,False,False,0.7006179690361023,0.7006180286,58.477556228637695,56.54150152206421,1.9360547065734863,"""/home/kamil/pffrocd/ABY/build/bin/cos_dist_float_scen_simd_32 -r 0 -a 192.168.5.112 -f /home/kamil/pffrocd/ABY/build/bin/embeddings.txt -o /home/kamil/pffrocd -s 112 -x 0""",3.25,1.94,9%,0:56.16,0,0,0,0,168680,0,0,66942,60379,509,0,0,0,0,0,0,4096,0,0,167.569,196.493,195.06,6.594,5.017,4.908,6.23,5.517,4.817,7.64,6.074,12.975,6.935,5.07,45.814,39613.6310000001,1878982,8080,1878982,1878982,1740116,596354,0,0,0,12288,0,0,0,0,0,0,0,0,1,1339400,8080,55135.006,0.097,0.105,231.382,122.242,14822.661,14820.834,0.002,40312.343,27761630,27761118,29220,29211,27211913,27211913,27211913,27211913,0,0,549717,549205,0.7006180286,0.7006180286
67,0,lfw/Al_Davis/Al_Davis_0001.jpg,lfw/Al_Davis/Al_Davis_0002.jpg,True,True,0.4307857751846313,0.4307858348,61.83725190162659,59.91108965873718,1.9261622428894043,"""/home/kamil/pffrocd/ABY/build/bin/cos_dist_float_scen_simd_32 -r 0 -a 192.168.5.112 -f /home/kamil/pffrocd/ABY/build/bin/embeddings.txt -o /home/kamil/pffrocd -s 112 -x 0""",3.32,1.84,8%,0:59.54,0,0,0,0,168824,0,0,66947,60758,1069,0,0,0,0,0,0,4096,0,0,168.318,197.256,195.259,6.749,5.111,4.547,6.003,5.802,5.529,7.623,5.839,13.419,7.369,4.913,46.188,42483.228,1878982,8080,1878982,1878982,1740116,596354,0,0,0,12288,0,0,0,0,0,0,0,0,1,1339400,8080,58543.005,0.105,0.138,195.112,114.996,15350.632,15348.847,0.002,43192.368,27761630,27761118,29220,29220,27211913,27211913,27211904,27211913,0,0,549717,549205,0.4307858348,0.4307858348
68,0,lfw/Al_Gore/Al_Gore_0001.jpg,lfw/Al_Gore/Al_Gore_0002.jpg,True,True,0.4893639087677002,0.4893639088,55.80361747741699,53.876057147979736,1.927560329437256,"""/home/kamil/pffrocd/ABY/build/bin/cos_dist_float_scen_simd_32 -r 0 -a 192.168.5.112 -f /home/kamil/pffrocd/ABY/build/bin/embeddings.txt -o /home/kamil/pffrocd -s 112 -x 0""",3.28,1.97,9%,0:53.56,0,0,0,0,168616,0,0,66938,61428,646,0,0,0,0,0,0,4096,0,0,175.053,204.646,203.235,7.071,5.467,4.678,6.231,5.01,5.012,7.496,6.259,13.689,7.047,5.424,48.27,36782.089,1878982,8080,1878982,1878982,1740116,596354,0,0,0,12288,0,0,0,0,0,0,0,0,1,1339400,8080,52521.715,0.099,0.122,217.477,150.748,15012.378,15010.567,0.002,37509.336,27761639,27761118,29211,29220,27211922,27211913,27211904,27211913,0,0,549717,549205,0.4893639088,0.4893639088
69,1,lfw/Al_Gore/Al_Gore_0001.jpg,lfw/Al_Gore/Al_Gore_0003.jpg,True,True,0.4849833250045776,0.4849832058,58.814289569854736,56.88814449310303,1.926145076751709,"""/home/kamil/pffrocd/ABY/build/bin/cos_dist_float_scen_simd_32 -r 0 -a 192.168.5.112 -f /home/kamil/pffrocd/ABY/build/bin/embeddings.txt -o /home/kamil/pffrocd -s 112 -x 0""",3.13,2.0,9%,0:56.47,0,0,0,0,168960,0,0,66950,60870,405,0,0,0,0,0,0,4096,0,0,168.659,197.531,195.07,7.088,4.935,4.765,6.108,4.983,4.838,7.485,5.971,12.473,7.505,5.202,46.697,41640.632,1878982,8080,1878982,1878982,1740116,596354,0,0,0,12288,0,0,0,0,0,0,0,0,1,1339400,8080,55510.827,0.109,0.155,104.343,166.551,13156.206,13154.124,0.002,42354.619,27761630,27761118,29220,29220,27211913,27211913,27211913,27211913,0,0,549717,549205,0.4849832058,0.4849832058
70,2,lfw/Al_Gore/Al_Gore_0001.jpg,lfw/Al_Gore/Al_Gore_0004.jpg,True,True,0.5589126944541931,0.5589127541,60.70272922515869,58.7882513999939,1.914477825164795,"""/home/kamil/pffrocd/ABY/build/bin/cos_dist_float_scen_simd_32 -r 0 -a 192.168.5.112 -f /home/kamil/pffrocd/ABY/build/bin/embeddings.txt -o /home/kamil/pffrocd -s 112 -x 0""",3.16,2.01,8%,0:58.46,0,0,0,0,168844,0,0,66946,61624,1192,0,0,0,0,0,0,4096,0,0,168.955,198.93,196.201,6.784,5.066,4.63,6.512,4.662,5.481,8.261,6.241,13.103,7.619,5.249,46.993,40970.7509999999,1878982,8080,1878982,1878982,1740116,596354,0,0,0,12288,0,0,0,0,0,0,0,0,1,1339400,8080,57386.052,0.101,0.128,288.052,131.467,15708.175,15706.359,0.002,41677.874,27761630,27761118,29220,29211,27211913,27211913,27211904,27211913,0,0,549717,549205,0.5589127541,0.5589127541
71,3,lfw/Al_Gore/Al_Gore_0001.jpg,lfw/Al_Gore/Al_Gore_0005.jpg,False,True,0.6951873004436493,0.6951873302,63.43700838088989,61.52632164955139,1.910686731338501,"""/home/kamil/pffrocd/ABY/build/bin/cos_dist_float_scen_simd_32 -r 0 -a 192.168.5.112 -f /home/kamil/pffrocd/ABY/build/bin/embeddings.txt -o /home/kamil/pffrocd -s 112 -x 0""",3.1,2.0,8%,1:01.21,0,0,0,0,168964,0,0,66942,61083,518,0,0,0,0,0,0,4096,0,0,167.458,195.976,196.6,6.891,5.216,4.928,6.076,4.691,5.62,8.173,6.38,12.972,7.065,5.255,46.286,42489.4319999999,1878982,8080,1878982,1878982,1740116,596354,0,0,0,12288,0,0,0,0,0,0,0,0,1,1339400,8080,60007.737,0.105,0.124,342.529,187.063,16805.807,16803.865,0.001,43201.929,27761630,27761118,29220,29220,27211913,27211913,27211904,27211913,0,0,549717,549205,0.6951873302,0.6951873302
72,4,lfw/Al_Gore/Al_Gore_0001.jpg,lfw/Al_Gore/Al_Gore_0006.jpg,False,True,0.874332994222641,0.8743329644,61.689263582229614,59.77354025840759,1.9157233238220213,"""/home/kamil/pffrocd/ABY/build/bin/cos_dist_float_scen_simd_32 -r 0 -a 192.168.5.112 -f /home/kamil/pffrocd/ABY/build/bin/embeddings.txt -o /home/kamil/pffrocd -s 112 -x 0""",3.33,1.84,8%,0:59.36,0,0,0,0,168732,0,0,66947,61262,933,0,0,0,0,0,0,4096,0,0,165.284,197.629,195.409,7.295,5.066,5.162,7.052,4.89,4.866,7.111,6.218,12.809,6.655,5.178,46.644,42586.6819999999,1878982,8080,1878982,1878982,1740116,596354,0,0,0,12288,0,0,0,0,0,0,0,0,1,1339400,8080,58395.705,0.108,0.121,163.884,119.255,15109.212,15107.415,0.002,43286.49,27761630,27761118,29220,29211,27211913,27211913,27211904,27211913,0,0,549717,549205,0.8743329644,0.8743329644
73,5,lfw/Al_Gore/Al_Gore_0001.jpg,lfw/Al_Gore/Al_Gore_0007.jpg,True,True,0.5664288401603699,0.5664288402,60.849119901657104,58.920325756073,1.9287941455841064,"""/home/kamil/pffrocd/ABY/build/bin/cos_dist_float_scen_simd_32 -r 0 -a 192.168.5.112 -f /home/kamil/pffrocd/ABY/build/bin/embeddings.txt -o /home/kamil/pffrocd -s 112 -x 0""",3.41,1.84,8%,0:58.52,0,0,0,0,168824,0,0,66946,61154,533,0,0,0,0,0,0,4096,0,0,169.368,199.257,206.539,6.724,4.917,5.211,6.391,4.963,5.039,7.652,6.117,12.381,7.03,5.517,46.1,40914.3100000001,1878982,8080,1878982,1878982,1740116,596354,0,0,0,12288,0,0,0,0,0,0,0,0,1,1339400,8080,57606.014,0.101,0.159,75.799,152.662,15968.786,15966.999,0.002,41637.225,27761630,27761118,29220,29220,27211913,27211913,27211913,27211913,0,0,549717,549205,0.5664288402,0.5664288402
74,6,lfw/Al_Gore/Al_Gore_0001.jpg,lfw/Al_Gore/Al_Gore_0008.jpg,False,True,0.799129918217659,0.7991299033,58.854960918426514,56.9335196018219,1.9214413166046145,"""/home/kamil/pffrocd/ABY/build/bin/cos_dist_float_scen_simd_32 -r 0 -a 192.168.5.112 -f /home/kamil/pffrocd/ABY/build/bin/embeddings.txt -o /home/kamil/pffrocd -s 112 -x 0""",3.06,1.87,8%,0:56.59,0,0,0,0,168948,0,0,66943,60148,393,0,0,0,0,0,0,4096,0,0,168.565,197.325,193.612,6.911,5.249,6.549,5.929,4.9,5.023,8.173,6.496,12.949,6.96,4.936,46.231,40219.841,1878982,8080,1878982,1878982,1740116,596354,0,0,0,12288,0,0,0,0,0,0,0,0,1,1339400,8080,55592.304,0.131,0.125,158.982,165.16,14670.92,14669.119,0.002,40921.381,27761630,27761118,29220,29220,27211913,27211913,27211913,27211913,0,0,549717,549205,0.7991299033,0.7991299033
75,7,lfw/Al_Gore/Al_Gore_0001.jpg,lfw/Frank_Shea/Frank_Shea_0001.jpg,False,False,0.7020989954471588,0.702098906,56.67636489868164,54.72550702095032,1.9508578777313232,"""/home/kamil/pffrocd/ABY/build/bin/cos_dist_float_scen_simd_32 -r 0 -a 192.168.5.112 -f /home/kamil/pffrocd/ABY/build/bin/embeddings.txt -o /home/kamil/pffrocd -s 112 -x 0""",3.19,2.01,9%,0:54.32,0,0,0,0,168908,0,0,66948,60559,369,0,0,0,0,0,0,4096,0,0,170.203,199.805,199.228,7.101,4.966,5.15,6.155,4.721,5.761,7.544,6.286,12.846,7.614,5.163,46.268,37951.7300000001,1878982,8080,1878982,1878982,1740116,596354,0,0,0,12288,0,0,0,0,0,0,0,0,1,1339400,8080,53351.688,0.106,0.128,166.894,122.604,14673.068,14671.314,0.002,38678.618,27761630,27761118,29220,29211,27211913,27211913,27211913,27211913,0,0,549717,549205,0.702098906,0.702098906
76,8,lfw/Al_Gore/Al_Gore_0001.jpg,lfw/Raul_Chacon/Raul_Chacon_0001.jpg,False,False,0.8565706759691238,0.8565706015,57.23659348487854,55.314064502716064,1.922528982162476,"""/home/kamil/pffrocd/ABY/build/bin/cos_dist_float_scen_simd_32 -r 0 -a 192.168.5.112 -f /home/kamil/pffrocd/ABY/build/bin/embeddings.txt -o /home/kamil/pffrocd -s 112 -x 0""",3.27,2.01,9%,0:54.93,0,0,0,0,168676,0,1,66943,60188,488,0,0,0,0,0,0,4096,0,0,182.036,216.943,199.902,7.037,5.296,5.18,6.483,5.17,5.177,8.257,6.148,13.951,8.449,5.338,50.218,38420.235,1878982,8080,1878982,1878982,1740116,596354,0,0,0,12288,0,0,0,0,0,0,0,0,1,1339400,8080,53897.613,0.106,0.129,230.651,131.493,14717.447,14715.405,0.002,39180.164,27761630,27761118,29220,29220,27211913,27211913,27211913,27211913,0,0,549717,549205,0.8565706015,0.8565706015
77,9,lfw/Al_Gore/Al_Gore_0001.jpg,lfw/Della_Clara/Della_Clara_0001.jpg,False,False,0.9136662185192108,0.9136661887,58.20280313491821,56.258015394210815,1.9447877407073972,"""/home/kamil/pffrocd/ABY/build/bin/cos_dist_float_scen_simd_32 -r 0 -a 192.168.5.112 -f /home/kamil/pffrocd/ABY/build/bin/embeddings.txt -o /home/kamil/pffrocd -s 112 -x 0""",3.1,2.02,9%,0:55.87,0,0,0,0,168956,0,0,66950,60494,616,0,0,0,0,0,0,4096,0,0,171.266,199.795,201.528,7.385,5.526,5.744,6.02,4.771,4.923,7.125,6.033,13.583,7.11,5.167,48.06,38740.141,1878982,8080,1878982,1878982,1740116,596354,0,0,0,12288,0,0,0,0,0,0,0,0,1,1339400,8080,54955.246,0.106,0.133,124.816,136.583,15499.611,15498.047,0.001,39455.633,27761630,27761118,29220,29220,27211913,27211913,27211904,27211913,0,0,549717,549205,0.9136661887,0.9136661887
78,10,lfw/Al_Gore/Al_Gore_0001.jpg,lfw/Elijan_Ingram/Elijan_Ingram_0001.jpg,False,False,0.8413905501365662,0.8413905501,59.901526927948,57.98311448097229,1.918412446975708,"""/home/kamil/pffrocd/ABY/build/bin/cos_dist_float_scen_simd_32 -r 0 -a 192.168.5.112 -f /home/kamil/pffrocd/ABY/build/bin/embeddings.txt -o /home/kamil/pffrocd -s 112 -x 0""",3.13,1.94,8%,0:57.58,0,0,0,0,168796,0,0,66943,61076,628,0,0,0,0,0,0,4096,0,0,168.852,198.733,200.531,6.816,5.096,4.7,6.344,4.901,5.113,7.824,6.241,13.422,6.869,5.094,48.213,40213.221,1878982,8080,1878982,1878982,1740116,596354,0,0,0,12288,0,0,0,0,0,0,0,0,1,1339400,8080,56652.093,0.102,0.128,116.572,141.181,15718.16,15716.582,0.002,40933.931,27761630,27761118,29220,28699,27211913,27211913,27211904,27211913,0,0,549717,549205,0.8413905501,0.8413905501
79,11,lfw/Al_Gore/Al_Gore_0001.jpg,lfw/Stephen_Crampton/Stephen_Crampton_0001.jpg,False,False,0.8042733669281006,0.8042733669,58.6838538646698,56.74646520614624,1.93738865852356,"""/home/kamil/pffrocd/ABY/build/bin/cos_dist_float_scen_simd_32 -r 0 -a 192.168.5.112 -f /home/kamil/pffrocd/ABY/build/bin/embeddings.txt -o /home/kamil/pffrocd -s 112 -x 0""",3.22,1.92,9%,0:56.37,0,0,0,0,168780,0,0,66950,60725,366,0,0,0,0,0,0,4096,0,0,169.328,198.344,198.396,6.752,5.052,4.858,6.064,4.818,4.674,7.838,6.147,13.858,7.059,5.265,45.541,39999.2190000001,1878982,8080,1878982,1878982,1740116,596354,0,0,0,12288,0,0,0,0,0,0,0,0,1,1339400,8080,55334.375,0.098,0.14,219.65,142.345,14624.571,14622.859,0.002,40709.802,27761639,27761118,29211,29211,27211922,27211913,27211904,27211913,0,0,549717,549205,0.8042733669,0.8042733669
80,12,lfw/Al_Gore/Al_Gore_0001.jpg,lfw/Paul_Murphy/Paul_Murphy_0001.jpg,False,False,0.8033455312252045,0.8033454418,59.961674451828,58.0394229888916,1.9222514629364011,"""/home/kamil/pffrocd/ABY/build/bin/cos_dist_float_scen_simd_32 -r 0 -a 192.168.5.112 -f /home/kamil/pffrocd/ABY/build/bin/embeddings.txt -o /home/kamil/pffrocd -s 112 -x 0""",3.27,1.88,8%,0:57.62,0,0,0,0,168964,0,0,66941,60795,405,0,0,0,0,0,0,4096,0,0,166.849,195.753,195.171,7.004,5.126,4.93,6.315,4.672,5.392,8.389,5.915,13.188,6.846,5.562,46.522,42138.6870000001,1878982,8080,1878982,1878982,1740116,596354,0,0,0,12288,0,0,0,0,0,0,0,0,1,1339400,8080,56655.432,0.101,0.123,176.91,128.388,13817.458,13815.5,0.002,42837.972,27761630,27761118,29220,29220,27211913,27211913,27211904,27211913,0,0,549717,549205,0.8033454418,0.8033454418
81,13,lfw/Al_Gore/Al_Gore_0001.jpg,lfw/Peter_Lundgren/Peter_Lundgren_0001.jpg,False,False,0.9064602553844452,0.9064602852,62.85169529914856,60.91213488578797,1.939560413360596,"""/home/kamil/pffrocd/ABY/build/bin/cos_dist_float_scen_simd_32 -r 0 -a 192.168.5.112 -f /home/kamil/pffrocd/ABY/build/bin/embeddings.txt -o /home/kamil/pffrocd -s 112 -x 0""",3.3,1.93,8%,1:00.56,0,0,0,0,168612,0,0,66942,60604,433,0,0,0,0,0,0,4096,0,0,168.533,196.384,196.627,6.944,5.084,4.931,6.403,4.811,5.117,7.798,6.347,13.031,7.077,4.99,47.057,42176.368,1878982,8080,1878982,1878982,1740116,596354,0,0,0,12288,0,0,0,0,0,0,0,0,1,1339400,8080,59535.046,0.108,0.168,234.465,114.528,16651.874,16649.96,0.001,42883.171,27761630,27761118,29220,29211,27211913,27211913,27211913,27211913,0,0,549717,549205,0.9064602852,0.9064602852
82,0,lfw/Al_Pacino/Al_Pacino_0001.jpg,lfw/Al_Pacino/Al_Pacino_0002.jpg,True,True,0.5009095370769501,0.5009095669,63.79779219627381,61.87870049476624,1.9190917015075684,"""/home/kamil/pffrocd/ABY/build/bin/cos_dist_float_scen_simd_32 -r 0 -a 192.168.5.112 -f /home/kamil/pffrocd/ABY/build/bin/embeddings.txt -o /home/kamil/pffrocd -s 112 -x 0""",3.09,1.98,8%,1:01.45,0,0,0,0,168612,0,0,66938,61181,878,0,0,0,0,0,0,4096,0,0,166.771,196.681,197.008,7.109,5.252,5.327,5.984,4.839,4.659,7.289,6.191,12.664,6.546,5.117,45.674,41566.2889999999,1878982,8080,1878982,1878982,1740116,596354,0,0,0,12288,0,0,0,0,0,0,0,0,1,1339400,8080,60478.664,0.11,0.116,166.632,150.521,18209.467,18207.718,0.002,42269.196,27761639,27761118,29211,29211,27211922,27211913,27211913,27211913,0,0,549717,549205,0.5009095669,0.5009095669
83,1,lfw/Al_Pacino/Al_Pacino_0001.jpg,lfw/Al_Pacino/Al_Pacino_0003.jpg,True,True,0.2966488003730774,0.2966489792,65.81413388252258,63.89058017730713,1.923553705215454,"""/home/kamil/pffrocd/ABY/build/bin/cos_dist_float_scen_simd_32 -r 0 -a 192.168.5.112 -f /home/kamil/pffrocd/ABY/build/bin/embeddings.txt -o /home/kamil/pffrocd -s 112 -x 0""",3.06,1.96,7%,1:03.50,0,0,0,0,168828,0,0,66945,60580,462,0,0,0,0,0,0,4096,0,0,165.985,193.487,192.863,6.85,4.762,5.5,6.371,4.877,4.964,7.837,5.873,12.434,6.493,4.947,45.892,45549.1649999998,1878982,8080,1878982,1878982,1740116,596354,0,0,0,12288,0,0,0,0,0,0,0,0,1,1339400,8080,62437.931,0.101,0.13,221.796,178.926,16194.195,16192.655,0.001,46243.734,27761639,27761118,29211,29220,27211922,27211913,27211904,27211913,0,0,549717,549205,0.2966489792,0.2966489792
84,2,lfw/Al_Pacino/Al_Pacino_0001.jpg,lfw/Atiabet_Ijan_Amabel/Atiabet_Ijan_Amabel_0001.jpg,False,False,1.162104815244675,1.1621047258,68.58114266395569,66.6510226726532,1.9301199913024905,"""/home/kamil/pffrocd/ABY/build/bin/cos_dist_float_scen_simd_32 -r 0 -a 192.168.5.112 -f /home/kamil/pffrocd/ABY/build/bin/embeddings.txt -o /home/kamil/pffrocd -s 112 -x 0""",3.11,1.94,7%,1:06.28,0,0,0,0,168824,0,0,66944,60859,406,0,0,0,0,0,0,4096,0,0,163.849,192.072,189.369,6.586,4.951,5.011,6.063,4.73,4.967,7.918,6.122,12.51,6.69,4.858,45.194,46872.8560000001,1878982,8080,1878982,1878982,1740116,596354,0,0,0,12288,0,0,0,0,0,0,0,0,1,1339400,8080,65260.356,0.12,0.125,234.336,128.562,17700.066,17698.341,0.002,47560.287,27761639,27761118,29211,29220,27211922,27211913,27211913,27211913,0,0,549717,549205,1.1621047258,1.1621047258
85,3,lfw/Al_Pacino/Al_Pacino_0001.jpg,lfw/Angela_Merkel/Angela_Merkel_0002.jpg,False,False,0.9608779735863208,0.960877955,67.95990443229675,66.03619742393494,1.9237070083618164,"""/home/kamil/pffrocd/ABY/build/bin/cos_dist_float_scen_simd_32 -r 0 -a 192.168.5.112 -f /home/kamil/pffrocd/ABY/build/bin/embeddings.txt -o /home/kamil/pffrocd -s 112 -x 0""",3.11,1.93,7%,1:05.65,0,0,0,0,168884,0,0,66942,60817,494,0,0,0,0,0,0,4096,0,0,165.107,193.212,190.433,6.625,4.884,5.339,6.575,4.763,5.372,7.796,5.838,12.731,6.811,5.007,45.911,46535.5309999999,1878982,8080,1878982,1878982,1740116,596354,0,0,0,12288,0,0,0,0,0,0,0,0,1,1339400,8080,64631.668,0.104,0.126,206.402,131.395,17408.486,17406.806,0.001,47223.181,27761630,27761118,29220,29220,27211913,27211913,27211904,27211913,0,0,549717,549205,0.960877955,0.960877955
